PlayerName,YearFrom,YearTo,GamesPlayed,Position,After1960
Donovan McNabb\McNaDo00,1999,2009,148,QB,1
Ron Jaworski\JawoRo00,1977,1986,142,QB,1
Randall Cunningham\CunnRa00,1985,1995,122,QB,1
Carson Wentz\WentCa00,2016,2020,68,QB,1
Norm Snead\SneaNo00,1964,1970,85,QB,1
Tommy Thompson\ThomTo21,1941,1950,88,QB,0
Michael Vick\VickMi00,2009,2013,54,QB,1
Sonny Jurgensen\JurgSo00,1957,1963,83,QB,1
Nick Foles\FoleNi00,2012,2018,40,QB,1
Bobby Thomason\ThomBo02,1952,1957,68,QB,0
Norm Van Brocklin\VanBNo00,1958,1960,36,QB,1
Roman Gabriel\GabrRo00,1973,1977,53,QB,1
Adrian Burk\BurkAd00,1951,1956,70,P,0
Rodney Peete\PeetRo00,1995,1998,30,QB,1
Ty Detmer\DetmTy00,1996,1997,21,QB,1
King Hill\HillKi00,1961,1968,71,QB,1
Sam Bradford\BradSa00,2015,2015,14,QB,1
Roy Zimmerman\ZimmRo20,1943,1946,41,QB,0
Mark Sanchez\SancMa00,2014,2015,13,QB,1
Pete Liske\LiskPe00,1971,1972,28,QB,1
Mike Boryla\BoryMi00,1974,1976,22,QB,1
Davey O'Brien\OBriDa21,1939,1940,22,QB,0
Jim McMahon\McMaJi00,1990,1992,21,QB,1
Bobby Hoying\HoyiBo00,1996,1998,16,QB,1
Bubby Brister\BrisBu00,1993,1994,17,QB,1
A.J. Feeley\FeelA.00,2001,2007,12,QB,1
Kevin Kolb\KolbKe00,2007,2010,19,QB,1
Koy Detmer\DetmKo00,1998,2006,104,QB,1
John Reaves\ReavJo00,1972,1974,16,QB,1
Joe Pisarcik\PisaJo00,1980,1984,29,QB,1
Dave Smukler\SmukDa20,1936,1939,36,FB,0
Jeff Garcia\GarcJe00,2006,2009,9,QB,1
Doug Pederson\PedeDo00,1999,1999,16,QB,1
Mike McMahon\McMaMi00,2005,2005,9,QB,1
Bill Mackrides\MackBi20,1947,1951,39,QB,0
Jalen Hurts\HurtJa00,2020,2020,15,QB,1
Rick Arrington\ArriRi00,1970,1972,17,QB,1
Vince Young\YounVi00,2011,2011,6,QB,1
Allie Sherman\SherAl20,1943,1947,51,QB,0
Ken O'Brien\OBriKe00,1993,1993,5,QB,1
Emmett Mortell\MortEm20,1937,1939,30,TB,0
Jack Concannon\ConcJa00,1964,1966,18,QB,1
Scott Tinsley\TinsSc20,1987,1987,3,QB,1
Foster Watkins\WatkFo20,1940,1941,20,QB,0
Ed Matesic\MateEd20,1934,1935,22,TB,0
Jeff Kemp\KempJe00,1991,1991,7,QB,1
Matt Cavanaugh\CavaMa00,1986,1989,27,QB,1
Ed Storm\StorEd20,1934,1935,21,FB,0
Red Kirkman\KirkRe20,1933,1935,20,BB,0
Fred Enke\EnkeFr20,1952,1952,9,QB,0
John Walton\WaltJo00,1976,1979,15,QB,1
Matt Barkley\BarkMa00,2013,2014,4,QB,1
Brad Goebel\GoebBr00,1991,1991,5,QB,1
Len Barnum\BarnLe21,1941,1942,21,P,0
George Mira\MiraGe00,1969,1969,7,QB,1
Al Dorow\DoroAl00,1957,1957,6,QB,0
Jim Leonard\LeonJi21,1934,1937,32,BB,0
Nate Sudfeld\SudfNa00,2017,2020,4,QB,1
Dick Riffle\RiffDi20,1938,1940,32,FB,0
Jeff Blake\BlakJe00,2004,2004,3,QB,1
John Kusko\KuskJo20,1936,1938,23,B,0
John Huarte\HuarJo00,1968,1968,2,QB,1
Keith Byars\ByarKe00,1986,1992,105,FB,1
Mike Kafka\KafkMi00,2011,2011,4,QB,1
Bob Gambold\GambBo20,1953,1953,3,QB,0
Billy Ray Barnes\BarnBi00,1957,1961,60,HB,1
Swede Hanson\HansSw20,1933,1937,45,B,0
Pat Ryan\RyanPa00,1991,1991,4,QB,1
Jack Roberts\RobeJa21,1933,1934,10,B,0
Rabbit Keen\KeenRa20,1937,1938,9,QB,0
Johnny Butler\ButlJo21,1943,1945,17,HB,0
Don Jackson\JackDo20,1936,1936,10,TB,0
Dan DeSantis\DeSaDa20,1941,1941,11,PR,0
Brian Mitchell\MitcBr00,2000,2002,48,KR,1
Izzy Lang\LangIz00,1964,1968,65,RB,1
Mark Rypien\RypiMa00,1996,1996,1,QB,1
Guido Merkens\MerkGu00,1987,1987,3,WR,1
Marty Horn\HornMa20,1987,1987,1,QB,1
Earl Gros\GrosEa00,1964,1966,41,FB,1
Red Davis\DaviRe20,1933,1933,7,TB,0
Sam Baker\BakeSa20,1964,1969,82,K,1
Clarence Peaks\PeakCl00,1957,1963,83,FB,1
Louie Giammona\GiamLo00,1978,1982,55,RB,1
Dick Thornton\ThorDi20,1933,1933,4,BB,0
John Rauch\RaucJo20,1951,1951,4,QB,0
Harold Carmichael\CarmHa00,1971,1983,180,WR,1
Swede Ellstrom\EllsSw20,1934,1934,8,WB,0
Reds Weiner\WeinRe20,1934,1934,5,B,0
Herman Hunter\HuntHe00,1985,1985,16,KR,1
Steve Van Buren\VanBSt00,1944,1951,83,LH,0
Dean May\MayxDe20,1984,1984,2,QB,1
Reb Russell\RussRe20,1933,1933,7,B,0
Ralph Guglielmi\GuglRa00,1963,1963,4,QB,1
Freddie Mitchell\MitcFr00,2001,2004,63,WR,1
Brian Westbrook\WestBr00,2002,2009,107,RB,1
Josh McCown\McCoJo01,2019,2019,3,QB,1
Roger Ruzek\ruzekrog01,1989,1993,58,K,1
Tommy McDonald\McDoTo00,1957,1963,88,FL,1
John Teltschik\TeltJo20,1986,1989,54,P,1
Chase Daniel\DaniCh00,2016,2016,1,QB,1
Nelson Agholor\AghoNe00,2015,2019,71,WR,1
Ronnie Bull\BullRo00,1971,1971,13,FB,1
Greg Ward\WardGr02,2019,2020,23,WR,1
Joe Bukant\BukaJo20,1938,1940,33,B,0
Trent Edwards\EdwaTr01,2012,2012,1,QB,1
Leroy Keyes\KeyeLe20,1969,1972,45,DB,1
Izzy Weinstock\WeinIz20,1935,1935,11,FB,0
Ernie Steele\SteeEr20,1942,1948,69,HB,0
Stumpy Thomason\ThomSt21,1935,1936,19,B,0
Timmy Brown\BrowTi01,1960,1967,96,KR,1
Walt Masters\MastWa20,1936,1936,2,B,0
Don Schaefer\SchaDo20,1956,1956,12,FB,0
David Akers\akersdav01,1999,2010,188,K,1
Jodie Whire\WhirJo20,1933,1933,2,FB,0
Bob Rowe\RoweBo20,1935,1935,4,HB,0
Irv Kupcinet\KupcIr20,1935,1935,2,QB,0
Benjy Dial\DialBe00,1967,1967,1,QB,1
Wes McAfee\McAfWe20,1941,1941,8,HB,0
Dan Barnhart\BarnDa20,1934,1934,1,KR,0
Jim Ward\WardJi00,1971,1971,2,QB,1
Reds Bassman\BassRe20,1936,1936,8,K,0
Joe Scarpati\ScarJo21,1964,1969,82,RS,1
Jim Castiglia\CastJi20,1941,1946,23,FB,0
Jack Knapper\KnapJa20,1934,1934,2,B,0
Dan Pastorini\PastDa00,1983,1983,3,QB,1
Nick Basca\BascNi20,1941,1941,11,HB,0
Mike Sebastian\SebaMi20,1935,1935,4,HB,0
Winnie Baze\BazeWi20,1937,1937,10,B,0
Wilbert Montgomery\MontWi00,1977,1984,100,RB,1
Torrance Small\SmalTo00,1999,2000,29,WR,1
Steve Banas\BanaSt20,1935,1935,2,BB,0
Dorsey Levens\LeveDo00,2002,2004,31,RB,1
Jerry Norton\NortJe00,1954,1958,51,P,0
Harry O'Boyle\OBoyHa20,1933,1933,2,FB,0
Nick Prisco\PrisNi20,1933,1933,2,TB,0
Bosh Pritchard\PritBo20,1942,1951,54,PR,0
Gary Ballman\BallGa00,1967,1972,66,FL,1
Mike Bartrum\BartMi00,2000,2006,107,TE,1
Hank Baskett\BaskHa00,2006,2010,50,WR,1
Lee Bouggess\BougLe00,1970,1973,32,FB,1
Bill Bradley\BradBi00,1969,1976,110,FS,1
Cris Carter\CartCr00,1987,1989,41,WR,1
Sonny Davis\DaviSo00,1971,1971,14,FB,1
Jake Elliott\ElliJa03,2017,2020,63,K,1
Jeff Feagles\FeagJe20,1990,1993,64,P,1
Glenn Frey\FreyGl20,1936,1937,18,BB,0
Otis Grant\GranOt00,1987,1987,3,WR,1
Chas Henry\HenrCh02,2011,2012,19,P,1
Josh Huff\HuffJo00,2014,2016,34,WR,1
DeSean Jackson\JackDe00,2008,2020,95,PR,1
Billy Jefferson\JeffBi20,1942,1942,5,HB,0
Rick Lackman\LackRi20,1933,1935,23,HB,0
Greg Lewis\LewiGr01,2003,2008,90,WR,1
Ray Poage\PoagRa00,1964,1965,27,TE,1
John Sciarra\SciaJo20,1978,1983,76,PR,1
Brad Smith\SmitBr01,2013,2014,19,WR,1
Anthony Toney\ToneAn00,1986,1990,67,FB,1
Herschel Walker\WalkHe00,1992,1994,48,RB,1
Lee Woodruff\WoodLe20,1933,1933,9,B,0
Frank Ziegler\ZiegFr00,1949,1953,57,RH,0
Rick Engles\EnglRi20,1978,1978,6,P,1
Spike Jones\JoneSp20,1975,1977,40,P,1
LeSean McCoy\McCoLe01,2009,2014,90,RB,1
Duce Staley\StalDu00,1997,2003,98,RB,1
Ricky Watters\WattRi00,1995,1997,48,RB,1
Tom Woodeshick\WoodTo01,1963,1971,111,FB,1
Tom Sullivan\SullTo00,1972,1977,80,RB,1
Charlie Garner\GarnCh00,1994,1998,66,RB,1
Correll Buckhalter\BuckCo00,2001,2008,74,RB,1
Heath Sherman\SherHe00,1989,1993,76,FB,1
Mike Hogan\HogaMi00,1976,1980,41,FB,1
Miles Sanders\SandMi01,2019,2020,28,RB,1
Jim Parmer\ParmJi20,1948,1956,88,FB,0
Darren Sproles\SproDa00,2014,2019,61,KR,1
Po James\JamePo00,1972,1975,49,RB,1
Ryan Mathews\MathRy00,2015,2016,26,RB,1
Michael Haddix\HaddMi00,1983,1988,88,RB,1
Cyril Pinder\PindCy00,1968,1970,42,RB,1
Jack Hinkle\HinkJa20,1941,1947,37,B,0
Hubie Oliver\OlivHu00,1981,1985,46,FB,1
Earnest Jackson\JackEa00,1985,1985,16,RB,1
Ted Dean\DeanTe00,1960,1963,42,FB,1
Leroy Harris\HarrLe01,1979,1982,37,FB,1
Bryce Brown\BrowBr02,2012,2013,32,RB,1
Wendell Smallwood\SmalWe00,2016,2018,37,RB,1
James Joseph\JoseJa00,1991,1994,62,RB,1
LeGarrette Blount\BlouLe00,2017,2017,16,RB,1
Toy Ledbetter\LedbTo20,1950,1955,40,HB,0
Hal Giancanelli\GianHa20,1953,1956,41,HB,0
DeMarco Murray\MurrDe00,2015,2015,15,RB,1
Corey Clement\ClemCo00,2017,2020,46,RB,1
Billy Campfield\CampBi00,1978,1982,69,RB,1
Perry Harrington\HarrPe00,1980,1983,42,RB,1
Ken Keller\KellKe20,1956,1957,23,LH,0
Vaughn Hebron\HebrVa00,1993,1994,32,KR,1
Jay Ajayi\AjayJa00,2017,2019,14,RB,1
Boston Scott\ScotBo02,2018,2020,29,RB,1
Ollie Matson\MatsOl00,1964,1966,40,KR,1
James McAlister\McAlJa00,1975,1976,27,RB,1
Norm Bulaich\BulaNo00,1973,1974,25,RB,1
Jordan Howard\HowaJo00,2019,2020,12,RB,1
Jerry Williams\WillJe23,1953,1954,23,LDH,0
Josh Adams\AdamJo03,2018,2018,14,RB,1
Herb Lusk\LuskHe01,1976,1978,28,RB,1
Mel Bleeker\BleeMe20,1944,1946,17,HB,0
Michael Williams\WillMi01,1983,1984,31,RB,1
Jack Myers\MyerJa20,1948,1950,36,FB,0
Larry Watkins\WatkLa00,1970,1972,37,RB,1
Don Johnson\JohnDo21,1953,1955,20,HB,0
Clyde Scott\ScotCl21,1949,1952,23,HB,0
Tony Baker\BakeTo00,1971,1972,18,RB,1
John Huzvar\HuzvJo20,1952,1952,12,FB,0
Al Pollard\PollAl20,1951,1953,30,KR,0
Ryan Moats\MoatRy00,2005,2006,15,RB,1
Ben Kish\KishBe20,1943,1949,67,B,0
Art Malone\MaloAr00,1975,1976,16,RB,1
Jack Banta\BantJa20,1941,1945,18,RH,0
Darnell Autry\AutrDa00,2000,2000,11,RB,1
Thomas Sanders\SandTh00,1990,1991,15,RB,1
Leonard Weaver\WeavLe00,2009,2010,17,RB,1
Kenjon Barner\BarnKe00,2014,2017,36,RB,1
Bob Thurbon\ThurBo20,1943,1943,10,HB,0
Rob Goode\GoodRo01,1955,1955,8,FB,0
John Brewer\BrewJo21,1952,1953,18,FB,0
Chris Polk\PolkCh00,2012,2014,36,RB,1
Dave Hampton\HampDa00,1976,1976,8,FB,1
Gil Steinke\SteiGi20,1945,1948,25,HB,0
James Betterson\BettJa00,1977,1978,23,RB,1
Theron Sapp\SappTh00,1959,1963,47,FB,1
Neil Worden\WordNe20,1954,1957,24,FB,0
Junior Tautalatasi\TautJu00,1986,1988,38,RB,1
Joe Muha\MuhaJo20,1946,1950,56,FB,0
Kevin Turner\TurnKe00,1995,1999,58,FB,1
Ted Wegert\WegeTe00,1955,1956,14,HB,0
Jerome Harrison\HarrJe00,2010,2010,8,RB,1
Noble Doss\DossNo20,1947,1948,20,HB,0
James Thrash\ThraJa00,2001,2003,47,WR,1
Russ Craft\CrafRu00,1946,1953,89,LDH,0
Dick Bielski\BielDi00,1955,1959,60,E,0
Stanley Pritchett\PritSt00,2000,2000,16,FB,1
Bob Davis\DaviBo21,1942,1942,10,PR,0
Ralph Goldston\GoldRa20,1952,1955,27,HB,0
Pat McHugh\McHuPa20,1947,1951,51,DB,0
Reno Mahe\MaheRe00,2003,2007,55,PR,1
Robert Drummond\DrumRo00,1989,1991,36,RB,1
Tom Bailey\BailTo00,1971,1974,50,RB,1
Mark Higgs\HiggMa00,1989,1989,15,RB,1
Ted Williams\WillTe20,1942,1942,11,B,0
Lamar Gordon\GordLa00,2005,2005,14,RB,1
Dion Lewis\LewiDi00,2011,2012,24,RB,1
Cleveland Franklin\FranCl00,1977,1978,30,RB,1
Charlie Smith\SmitCh00,1974,1981,118,WR,1
Art Macioszczyk\MaciAr20,1944,1947,21,FB,0
Fran Murray\MurrFr20,1939,1940,22,P,0
Lou Tomasetti\TomaLo20,1941,1942,16,FB,0
Ronnie Brown\BrowRo05,2011,2011,16,RB,1
Reggie Brown\BrowRe20,1987,1987,3,RB,1
Abe Karnofsky\KarnAb20,1945,1945,8,QB,0
Calvin Murray\MurrCa20,1981,1982,8,RB,1
Booker Russell\RussBo00,1981,1981,12,RB,1
Harold Jackson\JackHa00,1969,1972,56,WR,1
Bill Olds\OldsBi00,1976,1976,11,RB,1
Dom Moselle\MoseDo20,1954,1954,12,DB,0
Jacque Robinson\RobiJa21,1987,1987,3,FB,1
Dan Sandifer\SandDa21,1950,1951,17,DB,0
Eldra Buckley\BuckEl00,2009,2010,32,RB,1
Cecil Martin\MartCe00,1999,2002,60,FB,1
Elmer Hackney\HackEl20,1940,1940,8,FB,0
Frank LeMaster\LeMaFr00,1974,1982,129,RILB,1
Terry Fox\FoxxTe20,1941,1945,13,FB,0
Don Stevens\StevDo20,1952,1954,15,RH,0
Dick Erdlitz\ErdlDi20,1942,1945,17,HB,0
Billy Wells\WellBi00,1958,1958,12,PR,0
Charles Crawford\CrawCh00,1986,1987,18,RB,1
Harry Jones\JoneHa01,1967,1970,29,RB,1
Walt Kowalczyk\KowaWa00,1958,1959,24,FB,0
John Cole\ColeJo20,1938,1940,18,FB,0
Kyle Eckel\EckeKy00,2008,2008,5,RB,1
Larry Barnes\BarnLa00,1978,1979,23,RB,1
Frank Emmons\EmmoFr20,1940,1940,11,FB,0
Eric Bieniemy\BienEr00,1999,1999,16,RB,1
Bruce Perry\PerrBr01,2005,2006,5,RB,1
Will Berzinski\BerzWi00,1956,1956,4,HB,0
Mort Landsberg\LandMo20,1941,1941,11,RH,0
Thomas Tapeh\TapeTh00,2004,2007,39,FB,1
Sam Bartholomew\BartSa20,1941,1941,9,FB,0
Charle Young\YounCh00,1973,1976,56,TE,1
Charlie Gauer\GaueCh20,1943,1945,23,FB,0
Reggie Brown\BrowRe01,2005,2009,72,WR,1
Byron Marshall\MarsBy01,2016,2016,3,RB,1
Ebert Van Buren\VanBEb20,1951,1953,36,DB,0
Roger Vick\VickRo00,1990,1990,14,FB,1
Fred Gloden\GlodFr20,1941,1941,6,HB,0
Corey Walker\WalkCo00,1998,1998,14,RB,1
Frank Reagan\ReagFr20,1949,1951,36,P,0
Bert Johnson\JohnBe21,1942,1942,7,FB,0
Alvin Ross\RossAl20,1987,1987,2,RB,1
Eric McCoo\McCoEr00,2004,2004,1,RB,1
Lorenzo Booker\BookLo00,2008,2008,10,RB,1
Kenny Jackson\JackKe01,1984,1991,92,WR,1
Jack Stackpool\StacJa20,1942,1942,8,FB,0
Chris Warren\WarrCh00,2000,2000,1,RB,1
Chad Hall\HallCh00,2010,2011,15,WR,1
Irving Fryar\FryaIr00,1996,1998,48,WR,1
Andre Hardy\HardAn00,1984,1984,6,RB,1
Bob Masters\MastBo20,1937,1943,16,HB,0
Jay Arnold\ArnoJa20,1937,1940,40,KR,0
Terry Hoage\HoagTe20,1986,1990,65,DB,1
Jeremy Maclin\MaclJe00,2009,2014,75,WR,1
Pete Kmetovic\KmetPe20,1946,1946,5,HB,0
Mike Reichenbach\ReicMi20,1984,1989,87,MLB,1
Calvin Williams\WillCa00,1990,1996,93,WR,1
Mike Bell\BellMi00,2010,2010,5,RB,1
Terrell Watson\WatsTe00,2016,2016,1,RB,1
Jalen Reagor\ReagJa00,2020,2020,11,WR,1
Joe Pilconis\PilcJo20,1934,1937,32,E,0
Tony Hunt\HuntTo01,2007,2008,14,RB,1
Ronnie Blye\BlyeRo00,1969,1969,14,RB,1
Greg Oliver\OlivGr00,1973,1974,25,RB,1
Brad Myers\MyerBr20,1958,1958,9,B,0
Ted Laux\LauxTe20,1943,1944,5,HB,0
Stanley Havili\HaviSt00,2012,2012,15,FB,1
Paul Dudley\DudlPa00,1963,1963,10,HB,1
Larry Conjar\ConjLa00,1968,1968,14,RB,1
Steve Atkins\AtkiSt00,1981,1981,1,RB,1
Joe Carter\CartJo20,1933,1940,78,RE,0
Major Everett\EverMa00,1983,1985,47,RB,1
John Tarver\TarvJo00,1975,1975,8,RB,1
James Bostic\BostJa00,1998,1999,11,RB,1
Jason Huntley\HuntJa01,2020,2020,5,HB,1
Charles Johnson\JohnCh00,1999,2000,27,WR,1
Eddie Watson\WatsEd00,1999,1999,6,RB,1
Ken Payne\PaynKe00,1978,1978,16,WR,1
Toimi Jarvi\JarvTo20,1944,1944,5,HB,0
Scott Fitzkee\FitzSc00,1979,1980,22,WR,1
Irv Hall\HallIr20,1942,1942,8,FB,0
Bobby Morse\MorsBo00,1987,1987,11,RB,1
Walter Abercrombie\AberWa00,1988,1988,5,RB,1
Woody Dow\DowxWo20,1938,1940,30,BB,0
Fred Meyer\MeyeFr20,1942,1945,18,RE,0
Ralph Smith\SmitRa00,1962,1964,38,TE,1
Elliott Ormsbee\OrmsEl20,1946,1946,4,HB,0
Bobby Walston\WalsBo00,1951,1962,148,K,1
Damaris Johnson\JohnDa04,2012,2013,27,WR,1
Mike Horan\HoraMi20,1984,1985,32,P,1
Max Runager\RunaMa20,1979,1989,72,P,1
Tony Bova\BovaTo20,1943,1943,10,LE,0
Trey Burton\BurtTr01,2014,2017,61,TE,1
Bob Stringer\StriBo20,1952,1953,24,LB,0
Eggs Manske\MansEg20,1935,1936,22,LE,0
Dietrich Jells\JellDi00,1998,1999,23,WR,1
Ben Hawkins\HawkBe00,1966,1973,102,WR,1
Bob Smith\SmitBo21,1956,1956,4,HB,0
Mike Waters\WateMi20,1986,1986,5,TE,1
Zachary Dixon\DixoZa00,1980,1980,5,RB,1
Merrill Douglas\DougMe00,1962,1962,13,FB,1
Harry Wilson\WilsHa00,1967,1970,6,RB,1
Bryce Treggs\TregBr00,2016,2016,9,WR,1
Derrick Witherspoon\WithDe20,1995,1997,34,RB,1
Ron Smith\SmitRo02,1981,1983,14,WR,1
Owen Schmitt\SchmOw00,2010,2011,31,RB,1
Rod Smart\SmarRo00,2001,2001,6,RB,1
Howard Cassady\CassHo00,1962,1962,5,RH,1
Drew Ellis\ElliDr20,1938,1939,22,LT,0
Theodore Schmitt\SchmTh20,1938,1940,33,G,0
Steve Sader\SadeSt20,1943,1943,2,FB,0
George Kavel\KaveGe20,1934,1934,1,HB,0
Fred Hill\HillFr00,1965,1971,83,TE,1
Melvin Hoover\HoovMe00,1982,1984,30,WR,1
Randy Jackson\JackRa00,1974,1974,14,RB,1
Jim Culbreath\CulbJi00,1980,1980,2,RB,1
Ron Johnson\JohnRo01,1985,1989,47,WR,1
John Rogalla\RogaJo20,1945,1945,8,FB,0
Vai Sikahema\SikaVa00,1992,1993,32,PR,1
Bill Brian\BriaBi20,1935,1936,20,RT,0
Larry Crowe\CrowLa00,1972,1972,1,RB,1
Dick Humbert\HumbDi20,1941,1949,60,E,0
Alshon Jeffery\JeffAl00,2017,2020,46,WR,1
Merritt Kersey\KersMe20,1974,1975,16,P,1
Keith Krepfle\KrepKe00,1975,1981,93,TE,1
Amp Lee\LeexAm00,2000,2000,3,RB,1
Fred McCrary\McCrFr00,1995,1995,13,FB,1
Jason Avant\AvanJa00,2006,2013,116,WR,1
Bill Hewitt\HewiBi20,1937,1943,38,LE,0
John Hightower\HighJo00,2020,2020,13,WR,1
Jon Ritchie\RitcJo00,2003,2004,19,FB,1
Len Supulski\SupuLe20,1942,1942,9,E,0
Joe Sutton\SuttJo20,1950,1952,30,DB,0
Topper Clemons\ClemTo21,1987,1987,3,RB,1
Lou Ghecas\GhecLo20,1941,1941,8,HB,0
Tom Hutton\HuttTo20,1995,1998,64,P,1
Dirk Johnson\JohnDi20,2003,2006,55,P,1
Lorne Johnson\JohnLo20,1934,1934,1,FB,0
Donnie Jones\JoneDo21,2013,2017,80,P,1
Sean Landeta\LandSe20,1999,2005,65,P,1
Mike Michel\MichMi21,1978,1978,10,P,1
Chuck Newton\NewtCh20,1939,1940,12,FB,0
James Saxon\SaxoJa00,1995,1995,9,FB,1
Earl Carr\CarrEa20,1979,1979,1,RB,1
Enio Conti\ContEn20,1941,1945,40,LG,0
Fred Barnett\BarnFr00,1990,1995,81,WR,1
George Taliaferro\TaliGe00,1955,1955,3,LH,0
Les McDonald\McDoLe20,1940,1940,9,E,0
Larry Cabrelli\CabrLa20,1941,1947,61,RE,0
Tom Miller\MillTo20,1943,1944,18,DE,0
Terrell Owens\OwenTe00,2004,2005,21,WR,1
Torrey Smith\SmitTo02,2017,2017,16,KR,1
Pete Pihos\PihoPe00,1947,1955,107,RE,0
Pete Retzlaff\RetzPe00,1956,1966,132,TE,1
George Kenneally\KennGe21,1933,1935,27,LE,0
Wally Henry\HenrWa00,1977,1982,56,WR,1
Don Looney\LoonDo20,1940,1940,11,E,0
Karl Hankton\HankKa00,1998,1998,10,WR,1
Joe Pagliei\PaglJo00,1959,1959,7,FB,0
Jason Dunn\DunnJa00,1996,1998,41,TE,1
Mike Quick\QuicMi00,1982,1990,101,WR,1
Steve Zabel\ZabeSt20,1970,1974,60,LOLB,1
Dean Steward\StewDe20,1943,1943,6,HB,0
Buss Warren\WarrBu20,1945,1945,1,TB,0
Golden Tate\TateGo00,2018,2018,8,WR,1
Carlos Carson\CarsCa00,1989,1989,6,WR,1
John Binotto\BinoJo20,1942,1942,2,HB,0
Adrian Killins\KillAd00,2020,2020,1,HB,1
Todd Pinkston\PinkTo00,2000,2004,78,WR,1
Ron Goodwin\GoodRo00,1963,1968,56,FL,1
Zach Ertz\ErtzZa00,2013,2020,117,TE,1
Brent Celek\CeleBr00,2007,2017,175,TE,1
Jordan Matthews\MattJo00,2014,2019,62,WR,1
Jack Ferrante\FerrJa20,1941,1950,81,LE,0
John Spagnola\SpagJo00,1979,1987,111,TE,1
Keith Jackson\JackKe00,1988,1991,60,TE,1
L.J. Smith\SmitL.00,2003,2008,86,TE,1
Riley Cooper\CoopRi00,2010,2015,88,WR,1
Chad Lewis\LewiCh00,1997,2005,110,TE,1
Kevin Curtis\CurtKe00,2007,2009,28,WR,1
Dallas Goedert\GoedDa00,2018,2020,42,TE,1
Gregg Garrity\GarrGr00,1984,1989,58,WR,1
Bud Grant\GranBu00,1951,1952,24,LDE,0
Chris Jones\JoneCh01,1995,1997,32,WR,1
Neill Armstrong\ArmsNe00,1947,1951,54,E,0
Victor Bailey\BailVi00,1993,1994,32,WR,1
Freddie Solomon\SoloFr00,1996,1998,43,WR,1
Bill Stribling\StriBi20,1955,1957,26,RE,0
Donte' Stallworth\StalDo00,2006,2006,12,WR,1
Mark Bavaro\BavaMa00,1993,1994,28,TE,1
Red Ramsey\RamsRe20,1938,1945,35,E,0
Jeff Graham\GrahJe00,1998,1998,15,WR,1
Antonio Freeman\FreeAn00,2002,2002,16,WR,1
Don Zimmerman\ZimmDo00,1973,1976,39,WR,1
Tony Woodruff\WoodTo00,1982,1984,23,WR,1
Travis Fulgham\FulgTr00,2020,2020,13,WR,1
Michael Timpson\TimpMi00,1997,1997,15,WR,1
Roy Green\GreeRo01,1991,1992,22,WR,1
Mark Seay\SeayMa00,1996,1997,28,WR,1
Clay Harbor\HarbCl00,2010,2012,39,TE,1
Luther Broughton\BrouLu00,1999,2000,31,TE,1
Dorial Green-Beckham\GreeDo00,2016,2016,15,WR,1
Mike Ditka\DitkMi00,1967,1968,20,TE,1
Jimmie Giles\GileJi00,1987,1989,40,TE,1
Maurice Johnson\JohnMa01,1991,1994,55,TE,1
Na Brown\BrowNa00,1999,2001,42,WR,1
Jimmie Johnson\JohnJi00,1995,1998,51,TE,1
Richard Rodgers\RodgRi00,2018,2020,22,TE,1
Mack Hollins\HollMa00,2017,2019,28,WR,1
Jim Kelly\KellJi02,1965,1967,13,TE,1
Dick Lucas\LucaDi00,1960,1963,38,E,1
Vyto Kab\KabxVy00,1982,1985,40,TE,1
Matt Schobel\SchoMa00,2006,2008,36,TE,1
Rob Carpenter\CarpRo00,1995,1995,16,WR,1
Rodney Parker\ParkRo00,1980,1981,19,WR,1
Billy McMullen\McMuBi00,2003,2005,29,WR,1
Bob Krieger\KrieBo20,1941,1946,18,LE,0
Ed West\WestEd00,1995,1996,32,TE,1
Mickey Shuler\ShulMi00,1990,1991,20,TE,1
Hank Burnine\BurnHa20,1956,1957,14,E,0
JJ Arcega-Whiteside\ArceJJ00,2019,2020,24,WR,1
Kent Kramer\KramKe00,1971,1974,49,TE,1
Dave Little\LittDa20,1985,1989,69,TE,1
Miles Austin\AustMi00,2015,2015,11,KR,1
Russell Copeland\CopeRu00,1998,1998,11,WR,1
Jeff Thomason\ThomJe00,2000,2004,46,TE,1
Kelvin Martin\MartKe00,1995,1995,9,PR,1
Glenn Glass\GlasGl00,1964,1965,25,DB,1
Mike Young\YounMi00,1993,1993,10,WR,1
Red Mack\MackRe00,1964,1964,8,TE,1
James Lofton\LoftJa00,1993,1993,9,WR,1
Dameane Douglas\DougDa00,1999,2002,52,WR,1
Josh Parry\ParrJo00,2004,2005,29,RB,1
Joshua Perkins\PerkJo02,2018,2019,14,TE,1
Richard Osborne\OsboRi00,1976,1978,34,TE,1
John Bredice\BredJo20,1956,1956,12,E,0
Hank Piro\PiroHa20,1941,1941,10,E,0
Mike Siano\SianMi20,1987,1987,3,WR,1
Frank Budd\BuddFr00,1962,1962,13,WR,1
Kevin Bowman\BowmKe21,1987,1987,3,WR,1
Paul Turner\TurnPa01,2016,2016,4,WR,1
Glen Young\YounGl20,1983,1983,16,KR,1
Steve Smith\SmitSt02,2011,2011,9,WR,1
Rocky Ryan\RyanRo20,1956,1958,24,DB,0
Art Monk\MonkAr00,1995,1995,3,WR,1
Jeff Maehl\MaehJe00,2013,2014,24,WR,1
Quez Watkins\WatkQu00,2020,2020,6,WR,1
Flip McDonald\McDoFl20,1944,1946,15,E,0
Phil Smith\SmitPh20,1986,1986,3,WR,1
Jed Weaver\WeavJe00,1999,1999,16,TE,1
Chris Fontenot\FontCh00,1998,1998,5,TE,1
James Casey\CaseJa00,2013,2014,31,TE,1
Darnerien McCants\McCaDa00,2005,2005,12,WR,1
Roger Gill\GillRo00,1964,1965,25,WR,1
Elmer Kolberg\KolbEl20,1939,1940,18,HB,0
Pat Beach\BeacPa00,1992,1992,16,TE,1
Anthony Edwards\EdwaAn00,1989,1990,14,WR,1
Eric Bailey\BailEr20,1987,1987,3,TE,1
Chuck Hughes\HughCh00,1967,1969,22,WR,1
Reggie Johnson\JohnRe00,1995,1995,9,TE,1
Joe Wendlick\WendJo20,1940,1940,9,E,0
Deontay Burnett\BurnDe00,2019,2020,3,WR,1
Bibbles Bawel\BaweBi00,1952,1956,36,RS,0
Shelton Gibson\GibsSh00,2017,2018,20,WR,1
Don Luft\LuftDo20,1954,1954,12,E,0
Red O'Quinn\OQuiRe20,1951,1951,5,DB,0
John Mallory\MallJo21,1968,1968,14,PR,1
Brian Dawkins\DawkBr00,1996,2008,183,FS,1
Claude Crabb\CrabCl20,1964,1965,23,DB,1
Al Dixon\DixoAl00,1983,1983,10,TE,1
Kamar Aiken\AikeKa00,2018,2018,5,WR,1
John Shonk\ShonJo20,1941,1941,10,E,0
Tony Stewart\StewTo00,2001,2001,3,TE,1
Lawrence Sampleton\SampLa20,1982,1984,32,TE,1
Jeff Sydner\SyndJe00,1992,1994,35,WR,1
Norm Willey\WillNo00,1950,1957,92,RDE,0
Ken MacAfee\MacAKe20,1959,1959,4,E,0
Bob Priestley\PrieBo20,1942,1942,9,E,0
Jay Repko\RepkJa20,1987,1987,3,TE,1
Marcus Johnson\JohnMa07,2017,2017,10,WR,1
Rudy Smeja\SmejRu20,1946,1946,11,E,0
Bill Combs\CombBi20,1942,1942,10,E,0
Stephen Spach\SpacSt00,2005,2005,13,TE,1
Kaseem Sinceno\SincKa00,1998,1998,10,TE,1
Jim Whalen\WhalJi00,1971,1971,2,TE,1
Gene Mitcham\MitcGe20,1958,1958,2,E,0
Dan Klecko\KlecDa20,2008,2008,16,DT,1
Floyd Dixon\DixoFl00,1992,1992,7,WR,1
Bob Schnelker\SchnBo00,1953,1953,8,E,0
Marvin Hargrove\HargMa00,1990,1990,7,KR,1
Mark Ingram\IngrMa00,1996,1996,5,WR,1
Henry Williams\WillHe22,1989,1989,13,PR,1
John Durko\DurkJo20,1944,1944,6,E,0
Rod Harris\HarrRo21,1990,1991,20,PR,1
Jay MacDowell\MacDJa20,1946,1951,62,T,0
Gari Scott\ScotGa00,2001,2001,3,WR,1
Alex Smith\SmitAl02,2009,2009,16,TE,1
Keith Baker\BakeKe20,1985,1985,8,WR,1
Billy Hix\HixxBi20,1950,1950,11,E,0
DeAndre Carter\CartDe02,2018,2018,7,WR,1
Brian Finneran\FinnBr00,1999,1999,3,WR,1
Alabama Pitts\PittAl20,1935,1935,3,HB,0
Bubba Miller\MillBu20,1997,2000,58,C,1
Fred Brown\BrowFr21,1967,1969,26,LB,1
Dick Fencl\FencDi20,1933,1933,5,E,0
Porter Lainhart\LainPo20,1933,1933,1,QB,0
Garrett Mills\MillGa01,2010,2010,7,FB,1
Mark Konecny\KoneMa20,1988,1988,16,RB,1
Burle Robison\RobiBu20,1935,1935,7,E,0
Byron Darby\DarbBy20,1983,1986,58,DE,1
Andy Nacrelli\NacrAn20,1958,1958,2,E,0
Billy Walik\WaliBi00,1970,1972,32,KR,1
Vince Papale\PapaVi00,1976,1978,41,WR,1
Hal Prescott\PresHa20,1947,1949,25,E,0
Jamie Reader\ReadJa00,2001,2001,16,FB,1
Troy Smith\SmitTr00,1999,1999,1,WR,1
Ev Rowan\RowaEv20,1933,1933,2,E,0
Jonathan Krause\KrauJo00,2015,2015,2,WR,1
Kirk Hershey\HersKi20,1941,1941,6,E,0
Kent Lawrence\LawrKe00,1969,1969,9,WR,1
Lee Riley\RileLe20,1956,1959,33,DB,0
Andrew Jordan\JordAn00,1998,1998,3,TE,1
Bert Kuczynski\KuczBe20,1946,1946,3,E,0
Harper LeBel\LexBHa00,1990,1990,16,TE,1
Nip Felber\FelbNi20,1933,1933,1,E,0
Alex Van Dyke\VanDAl00,1999,2000,6,WR,1
Bobby Duckworth\DuckBo00,1986,1986,4,WR,1
Lewis Gilbert\GilbLe20,1980,1980,3,TE,1
Robert Davis\DaviRo00,2019,2019,3,WR,1
Stan Davis\DaviSt02,1973,1973,8,WR,1
Reggie Lawrence\LawrRe20,1993,1993,1,WR,1
Larry Steinbach\SteiLa20,1933,1933,3,T,0
Seyi Ajirotutu\AjirSe00,2015,2015,13,WR,1
Bob Gonya\GonyBo20,1933,1934,11,T,0
Guy McIntyre\McInGu00,1995,1996,31,LG,1
Todd Herremans\HerrTo20,2005,2014,127,LG,1
Jason Croom\CrooJa00,2020,2020,4,TE,1
George Mulligan\MullGe20,1936,1936,9,E,0
Glenn Campbell\CampGl20,1935,1935,1,E,0
David Alexander\AlexDa22,1987,1994,124,C,1
Mike McGlynn\McGlMi20,2008,2010,19,RG,1
Bob Pylman\PylmBo20,1938,1939,21,T,0
Jerrold McRae\McRaJe20,1979,1979,5,WR,1
Bob Gaona\GaonBo20,1957,1957,12,LT,0
Reggie Singletary\SingRe20,1986,1990,61,G,1
Cody Parkey\ParkCo03,2014,2015,19,K,1
Alex Henery\HeneAl00,2011,2013,48,K,1
Tom McNeill\McNeTo20,1971,1973,26,P,1
Saverio Rocca\RoccSa20,2007,2010,64,P,1
Tony Franklin\frankton01,1979,1983,73,K,1
Bryan Barker\BarkBr20,1994,1994,11,P,1
Chris Boniol\boniochr01,1997,1998,32,K,1
Paul McFadden\mcfadpau01,1984,1987,60,K,1
Gary Anderson\andergar02,1995,1996,32,K,1
Mark Moseley\moselmar01,1970,1970,14,K,1
Cameron Johnston\JohnCa02,2018,2020,48,P,1
Caleb Sturgis\SturCa00,2015,2017,30,K,1
Eddie Murray\murraedd01,1994,1994,16,K,1
Mat McBriar\McBrMa20,2012,2012,13,P,1
Luis Zendejas\zendelui01,1988,1989,20,K,1
Horst Muhlmann\MuhlHo20,1975,1977,37,K,1
Norm Johnson\johnsnor01,1999,1999,15,K,1
Mike Clark\ClarMi20,1963,1963,14,K,1
Augie Lio\LioxAu20,1946,1946,11,K,0
Matt Bahr\bahrxmat01,1993,1993,11,K,1
Tom Dempsey\DempTo20,1971,1974,47,K,1
Happy Feller\FellHa20,1971,1971,9,K,1
Tom Skladany\SklaTo20,1983,1983,4,P,1
Mitch Berger\BergMi20,1994,1994,5,P,1
Paige Cothren\CothPa20,1959,1959,7,K,0
Reggie Hodges\HodgRe20,2005,2005,3,P,1
Dave Jacobs\jacobdav01,1987,1987,3,K,1
Dean Dorsey\dorsedea01,1988,1988,3,K,1
Lee Johnson\johnslee01,2002,2002,2,P,1
Jason Baker\BakeJa20,2002,2002,2,P,1
Todd France\franctod01,2005,2005,3,K,1
Steve DeLine\delinste01,1989,1989,3,K,1
Nick Mike-Mayer\MikeNi20,1977,1978,15,K,1
Ove Johansson\JohaOv20,1977,1977,2,K,1
Nick Murphy\MurpNi20,2005,2005,1,P,1
Rick Tuten\TuteRi20,1989,1989,2,P,1
Rick Duncan\DuncRi20,1968,1968,1,P,1
Mark Royals\RoyaMa20,1987,1987,1,P,1
Dale Dawson\dawsodal01,1988,1988,1,K,1
Jim Kekeris\KekeJi20,1947,1947,10,T,0
Les Palmer\PalmLe20,1948,1948,5,HB,0
Jose Cortez\cortejos01,2005,2005,4,K,1
Gordon Paschka\PascGo20,1943,1943,10,FB,0
Ray Graves\GravRa20,1942,1946,28,C,0
Al Johnson\JohnAl20,1948,1948,5,QB,0
Ed Kasky\KaskEd20,1942,1942,10,T,0
Chuck Bednarik\BednCh00,1949,1962,169,LLB,1
Dave Lloyd\LloyDa00,1963,1970,105,MLB,1
Cliff Patton\PattCl21,1946,1950,52,K,0
Hank Reese\ReesHa20,1935,1939,48,C,0
Mark Simoneau\SimoMa20,2003,2005,46,MLB,1
George Somers\SomeGe20,1939,1940,19,T,0
Reggie Wilkes\WilkRe20,1978,1985,115,LOLB,1
John Wittenborn\WittJo20,1960,1962,35,G,1
Victor Abiamiri\AbiaVi99,2007,2009,29,DE,1
Dick Absher\AbshDi20,1972,1972,8,MLB,1
Emmanuel Acho\AchoEm00,2013,2014,20,OLB,1
Jamar Adams\AdamJa20,2010,2010,1,DB,1
Keith Adams\AdamKe20,2002,2005,57,MLB,1
D.J. Alexander\AlexD.00,2018,2018,12,OLB,1
Kermit Alexander\AlexKe01,1972,1973,21,RCB,1
Beau Allen\AlleBe00,2014,2017,63,DT,1
Chuck Allen\AlleCh00,1972,1972,12,MLB,1
Eric Allen\AlleEr00,1988,1994,111,RCB,1
Kevin Allen\AlleKe21,1985,1985,16,T,1
Nate Allen\AlleNa99,2010,2014,74,FS,1
Ty Allert\AlleTy20,1987,1989,24,LB,1
Henry Allison\AlliHe20,1971,1972,20,G,1
Kiko Alonso\AlonKi00,2015,2015,11,ILB,1
Colt Anderson\AndeCo01,2010,2013,48,S,1
Shawn Andrews\AndrSh55,2004,2008,50,RG,1
Harvey Armstrong\ArmsHa20,1982,1984,40,NT,1
Grayland Arnold\ArnoGr01,2020,2020,6,DB,1
Nnamdi Asomugha\AsomNn20,2011,2012,32,RCB,1
Jim Auer\AuerJi20,1987,1987,1,DE,1
Genard Avery\AverGe00,2019,2020,19,LB,1
Jason Babin\BabiJa20,2009,2012,39,LB,1
Joe Bachie\BachJo01,2020,2020,4,LB,1
Brandon Bair\BairBr00,2014,2015,21,DE,1
John Baker\BakeJo20,1962,1962,7,DE,1
Ron Baker\BakeRo20,1980,1988,123,RG,1
Shawn Barber\BarbSh20,2002,2006,29,ROLB,1
Corey Barlow\BarlCo20,1993,1993,10,DB,1
Antwan Barnes\BarnAn99,2010,2010,2,LB,1
Walt Barnes\BarnWa00,1948,1951,47,G,0
Derek Barnett\BarnDe01,2017,2020,48,DE,1
Roy Barni\BarnRo22,1954,1955,14,DB,0
Doug Bartlett\BartDo20,1988,1988,10,DT,1
Connor Barwin\BarwCo99,2013,2016,64,DE,1
Matt Battaglia\BattMa20,1987,1987,3,LB,1
Maxie Baughan\BaugMa00,1960,1965,80,RLB,1
De'Vante Bausby\BausDe00,2018,2018,6,DB,1
Shawn Beals\BealSh20,1988,1988,13,KR,1
Ian Beckles\BeckIa20,1997,1998,25,RG,1
Randy Beisler\BeisRa20,1966,1968,36,G,1
Eddie Bell\BellEd21,1955,1958,48,LDH,0
Todd Bell\BellTo00,1988,1989,20,DB,1
Mike Bellamy\BellMi21,1990,1990,6,WR,1
B.J. Bello\BellB.00,2018,2018,3,LB,1
Michael Bennett\BennMi99,2018,2018,16,DE,1
Bill Bergey\BergBi00,1974,1980,91,MLB,1
E.J. Biggers\BiggE.99,2015,2015,16,LCB,1
Blaine Bishop\BishBl00,2002,2002,12,SS,1
Richard Blackmore\BlacRi20,1979,1982,57,DB,1
Ed Blaine\BlaiEd20,1963,1966,56,LG,1
Harry Boatswain\BoatHa20,1995,1995,13,G,1
John Booty\BootJo20,1991,1992,29,DB,1
Jason Bostic\BostJa20,1999,2000,17,DB,1
Brandon Boykin\BoykBr00,2012,2014,48,CB,1
Deral Boykin\BoykDe20,1996,1996,10,DB,1
Nigel Bradham\BradNi00,2016,2019,58,OLB,1
Carlos Bradley\BradCa20,1987,1987,3,LB,1
Shaun Bradley\BradSh00,2020,2020,15,LB,1
Stewart Bradley\BradSt99,2007,2010,44,MLB,1
Bryan Braman\BramBr00,2014,2017,51,LB,1
Jack Brewer\BrewJa20,2005,2005,6,DB,1
Barrett Brooks\BrooBa20,1995,1998,64,T,1
Brandon Brooks\BrooBr00,2016,2019,62,G,1
Ron Brooks\BrooRo01,2016,2016,6,CB,1
Terrence Brooks\BrooTe00,2016,2016,11,FS,1
Tom Brookshier\BrooTo00,1953,1961,76,RDH,1
Bob Brown\BrowBo03,1964,1968,64,RT,1
Cedrick Brown\BrowCe21,1987,1987,12,DB,1
Greg Brown\BrowGr20,1981,1986,89,RDE,1
Jerome Brown\BrowJe00,1987,1991,76,RDT,1
Sheldon Brown\BrowSh20,2002,2009,128,RCB,1
Zach Brown\BrowZa00,2019,2019,6,OLB,1
Don Brumm\BrumDo00,1970,1971,16,RDE,1
Daryon Brutley\BrutDa20,2003,2003,1,DB,1
Brodrick Bunkley\BunkBr20,2006,2010,76,RDT,1
John Bunting\BuntJo20,1972,1982,132,RLB,1
Derrick Burgess\BurgDe99,2001,2010,30,RDE,1
Lem Burnham\BurnLe21,1977,1979,45,DE,1
Don Burroughs\BurrDo20,1960,1964,64,LS,1
Lee Roy Caffey\CaffLe00,1963,1963,14,RLB,1
Mike Caldwell\CaldMi20,1998,2001,62,LLB,1
Ernie Calloway\CallEr20,1969,1972,47,RDT,1
Jorrick Calvin\CalvJo99,2010,2010,12,KR,1
Marion Campbell\CampMa01,1956,1961,71,RDT,1
Stan Campbell\CampSt20,1959,1961,37,G,1
Roc Carmichael\CarmRo00,2013,2014,13,DB,1
Joe Carollo\CaroJo00,1969,1970,28,LT,1
Jimmy Carr\CarrJi20,1959,1963,63,DB,1
Nolan Carroll\CarrNo00,2014,2016,43,KR,1
Pete Case\CasePe20,1962,1964,40,LG,1
Tom Catlin\CatlTo20,1959,1959,12,LB,0
Quinton Caver\CaveQu20,2001,2002,16,ROLB,1
Tony Cemore\CemoTo20,1941,1941,10,G,0
Mike Chalenski\ChalMi20,1993,1995,24,DE,1
Jamar Chaney\ChanJa98,2010,2012,44,MLB,1
Dick Chapura\ChapDi20,1990,1990,7,DT,1
Je'Rod Cherry\CherJe20,2000,2000,13,DB,1
Chuck Cherundolo\CherCh20,1940,1940,11,C,0
Al Chesley\ChesAl20,1979,1982,52,LILB,1
Patrick Chung\ChunPa99,2013,2013,12,DB,1
Al Clark\ClarAl20,1976,1976,14,DB,1
Willie Clark\ClarWi20,1997,1997,16,DB,1
Adrien Clarke\ClarAd20,2005,2005,14,G,1
Ken Clarke\ClarKe24,1978,1987,148,NT,1
Keenan Clayton\ClayKe99,2010,2011,21,LB,1
Chris Clemons\ClemCh23,2008,2009,32,LB,1
Garry Cobb\CobbGa20,1985,1987,44,LLB,1
Nick Cole\ColeNi20,2006,2010,77,RG,1
Trent Cole\ColeTr20,2005,2014,155,RDE,1
Al Coleman\ColeAl20,1972,1973,26,DB,1
Kurt Coleman\ColeKu99,2010,2013,59,DB,1
Marco Coleman\ColeMa00,2003,2003,13,RDE,1
Wayne Colman\ColmWa20,1968,1969,19,RLB,1
Darion Conner\ConnDa20,1996,1997,21,ROLB,1
Sean Considine\ConsSe20,2005,2008,46,DB,1
Joe Conwell\ConwJo20,1986,1987,28,RT,1
Rashard Cook\CookRa20,1999,2002,47,DB,1
Evan Cooper\CoopEv20,1984,1987,60,PR,1
Blake Countess\CounBl00,2020,2020,2,CB,1
Jerome Couplin\CoupJe00,2014,2015,9,S,1
Bill Cowher\CowhBi20,1983,1984,20,LB,1
Gerry Cowhig\CowhGe20,1951,1951,11,LB,0
Fletcher Cox\CoxxFl00,2012,2020,140,DT,1
Smiley Creswell\CresSm20,1985,1985,3,DE,1
Irv Cross\CrosIr00,1961,1969,83,RCB,1
Darrel Crutchfield\CrutDa20,2001,2001,4,DB,1
Willie Cullars\CullWi20,1974,1974,13,DE,1
Mike Curcio\CurcMi20,1981,1982,21,LB,1
Vinny Curry\CurrVi00,2012,2020,111,DE,1
Johnathan Cyprien\CyprJo00,2019,2019,4,SS,1
Torrance Daniels\DaniTo20,2006,2008,22,LB,1
Ronald Darby\DarbRo00,2017,2019,28,CB,1
James Darling\DarlJa20,1997,2000,59,LLB,1
Matt Darwin\DarwMa20,1986,1990,61,LT,1
Vern Davis\DaviVe20,1971,1971,3,DB,1
Quintin Demps\DempQu99,2008,2009,25,KR,1
Richard Dent\DentRi00,1997,1997,15,RDE,1
David Diaz-Infante\DiazDa20,1999,1999,15,G,1
Kori Dickerson\DickKo20,2003,2003,2,TE,1
Charles Dimry\DimrCh20,1997,1997,15,RCB,1
Mike Dirks\DirkMi20,1968,1971,43,DT,1
Antonio Dixon\DixoAn99,2009,2012,36,DT,1
Ronnie Dixon\DixoRo20,1995,1996,32,DT,1
Jon Dorenbos\DoreJo20,2006,2016,162,C,1
Hugh Douglas\DougHu00,1998,2004,82,RDE,1
Rasul Douglas\DougRa00,2017,2019,46,CB,1
Harry Dowda\DowdHa20,1954,1955,24,RDH,0
King Dunlap\DunlKi20,2009,2012,52,T,1
Bill Dunstan\DunsBi20,1973,1976,56,DT,1
Herm Edwards\EdwaHe20,1977,1985,135,RCB,1
T.J. Edwards\EdwaTJ02,2019,2020,28,LB,1
Tom Ehlers\EhleTo20,1975,1977,42,LB,1
Mohammed Elewonibi\ElewMo20,1995,1995,6,T,1
Dannell Ellerbe\ElleDa99,2017,2017,3,MLB,1
Ray Ellis\ElliRa20,1981,1985,73,SS,1
Trae Elston\ElstTr01,2017,2017,1,DB,1
Charles Emanuel\EmanCh20,1997,1997,5,DB,1
Carlos Emmons\EmmoCa20,2000,2003,60,RLB,1
Justin Ena\EnaxJu20,2002,2005,31,LB,1
Marcus Epps\EppsMa00,2019,2020,21,S,1
Byron Evans\EvanBy20,1987,1994,113,MLB,1
Mike Evans\EvanMi20,1968,1973,73,C,1
Eric Everett\EverEr20,1988,1989,32,DB,1
Steve Everitt\EverSt20,1997,1999,45,C,1
Ray Farmer\FarmRa20,1996,1998,32,LLB,1
Ken Farragut\FarrKe00,1951,1954,43,C,0
Bernie Feibish\FeibBe20,1941,1941,3,C,0
Jim Flanigan\FlanJi21,2003,2003,6,LDT,1
Bradley Fletcher\FletBr99,2013,2014,28,DB,1
Mike Flores\FlorMi20,1991,1994,50,DE,1
Eric Floyd\FloyEr20,1992,1993,19,G,1
Moise Fokou\FokoMo99,2009,2011,43,MLB,1
Rudy Ford\FordRu00,2019,2020,18,S,1
L.J. Fort\FortL.00,2019,2019,4,LILB,1
Elbert Foules\FoulEl20,1983,1987,73,DB,1
Dustin Fox\FoxxDu20,2006,2006,1,DB,1
Hank Fraley\FralHa20,2001,2005,72,C,1
Derrick Frazier\FrazDe20,1994,1995,19,DB,1
Bobby Freeman\FreeBo20,1960,1961,26,DB,1
Bob Friedman\FrieBo21,1944,1944,10,LT,0
George Fritts\FritGe20,1945,1945,10,T,0
William Frizzell\FrizWi20,1986,1993,94,DB,1
James Fuller\FullJa20,1996,1996,13,DB,1
William Fuller\FullWi00,1994,1996,46,LDE,1
Omar Gaither\GaitOm20,2006,2010,67,MLB,1
Andrew Gardner\GardAn20,2014,2015,19,T,1
Barry Gardner\GardBa20,1999,2002,64,MLB,1
Russell Gary\GaryRu20,1986,1987,18,SS,1
Blenda Gay\GayxBl20,1975,1976,28,DE,1
Clifton Geathers\GeatCl99,2013,2013,16,DE,1
Ed George\GeorEd20,1976,1978,44,RT,1
Woody Gerber\GerbWo20,1941,1942,16,G,0
Nathan Gerry\GerrNa00,2017,2020,46,SS,1
Mario Giannelli\GianMa20,1948,1951,44,MG,0
Mardy Gilyard\GilyMa00,2012,2012,6,WR,1
Chris Gocong\GocoCh99,2007,2009,47,LLB,1
Mike Golic\GoliMi20,1987,1992,82,DT,1
Najee Goode\GoodNa00,2013,2017,61,ILB,1
Gene Gossage\GossGe20,1960,1962,40,DE,1
Kurt Gouveia\GouvKu20,1995,1995,16,MLB,1
Brandon Graham\GrahBr99,2010,2020,159,LDE,1
Corey Graham\GrahCo99,2017,2018,27,DB,1
Dave Graham\GrahDa20,1963,1969,83,T,1
Lyle Graham\GrahLy20,1941,1941,11,C,0
Nick Graham\GrahNi99,2007,2007,15,DB,1
Paul Grasmanis\GrasPa20,2000,2005,54,DT,1
Jamaal Green\GreeJa20,2004,2004,8,DE,1
John Green\GreeJo01,1947,1951,44,DE,0
Kelly Gregg\GregKe20,1999,1999,3,NT,1
Don Griffin\GrifDo21,1996,1996,16,RCB,1
Jeff Griffin\GrifJe20,1987,1987,2,DB,1
Anthony Griggs\GrigAn20,1982,1985,57,RILB,1
Elois Grooms\GrooEl20,1987,1987,3,LDE,1
Burt Grossman\GrosBu20,1994,1994,14,RDE,1
Kamu Grugier-Hill\GrugKa00,2016,2019,54,OLB,1
Mark Gunn\GunnMa20,1995,1996,15,DT,1
Riley Gunnels\GunnRi20,1960,1964,63,DT,1
Britt Hager\HageBr20,1989,1994,90,MLB,1
Carl Hairston\HairCa20,1976,1983,116,RDE,1
Daeshon Hall\HallDa01,2018,2019,12,DE,1
Deiondre' Hall\HallDe02,2018,2018,13,CB,1
Rhett Hall\HallRh20,1995,1998,35,DT,1
Dean Halverson\HalvDe20,1973,1975,32,LB,1
Justin Hamilton\HamiJu00,2017,2017,3,DT,1
Uhuru Hamiter\HamiUh20,2000,2001,8,DE,1
William Hampton\HampWi20,2001,2001,13,DB,1
Joselio Hanson\HansJo20,2006,2011,91,DB,1
Javon Hargrave\HargJa00,2020,2020,15,DT,1
Andy Harmon\HarmAn20,1991,1997,86,LDT,1
Al Harris\HarrAl21,1998,2002,80,RCB,1
Al Harris\HarrAl20,1989,1990,32,DE,1
Jimmy Harris\HarrJi22,1957,1957,12,RS,0
Jon Harris\HarrJo26,1997,1998,24,DE,1
Richard Harris\HarrRi21,1971,1973,39,LDE,1
Tim Harris\HarrTi00,1993,1993,4,LOLB,1
Victor Harris\HarrVi99,2009,2009,15,FS,1
Bob Harrison\HarrBo23,1962,1963,22,MLB,1
Dennis Harrison\HarrDe02,1978,1984,97,LDE,1
Tyreo Harrison\HarrTy20,2002,2003,14,LB,1
Clinton Hart\HartCl20,2003,2003,16,DB,1
Dick Hart\HartDi20,1967,1970,56,LG,1
Taylor Hart\HartTa00,2014,2015,14,DE,1
Richard Harvey\HarvRi20,1970,1970,4,DB,1
Tim Hauck\HaucTi20,1999,2001,48,DB,1
Ken Hayden\HaydKe21,1942,1942,9,C,0
Ed Hayes\HayeEd20,1970,1970,4,DB,1
Joe Hayes\HayeJo21,1984,1984,12,KR,1
Alvin Haymond\HaymAl20,1968,1968,11,PR,1
Jo Heath\HeatJo20,1981,1981,15,DB,1
Bruce Hector\HectBr00,2018,2019,11,DT,1
Ron Heller\HellRo20,1988,1992,75,RT,1
Jerome Henderson\HendJe20,1995,1995,15,DB,1
Gary Henson\HensGa20,1963,1963,11,E,1
Jeff Herrod\HerrJe20,1997,1997,10,MLB,1
Treyvon Hester\HestTr00,2018,2018,12,DT,1
Jordan Hicks\HickJo00,2015,2018,43,OLB,1
Tom Higgins\HiggTo20,1954,1955,17,T,0
Bill Hobbs\HobbBi20,1969,1971,37,LB,1
Ellis Hobbs\HobbEl20,2009,2010,16,RCB,1
Lester Holmes\HolmLe20,1993,1996,46,RG,1
Roderick Hood\HoodRo20,2003,2006,56,DB,1
Wes Hopkins\HopkWe00,1983,1993,137,FS,1
Bob Howard\HowaBo20,1978,1979,26,LCB,1
Darren Howard\HowaDa21,2006,2009,64,LDE,1
Lynn Hoyem\HoyeLy20,1964,1967,56,G,1
Bob Hudson\HudsBo20,1953,1958,59,DB,0
Albert Huggins\HuggAl01,2019,2019,4,DT,1
Brandon Hughes\HughBr99,2010,2013,31,CB,1
Don Hultz\HultDo20,1964,1973,119,DE,1
Calvin Hunt\HuntCa20,1970,1970,7,C,1
Phillip Hunt\HuntPh00,2011,2012,22,LB,1
Jerry Huth\HuthJe20,1959,1960,22,LG,1
Ken Huxhold\HuxhKe20,1954,1958,59,LG,0
Emil Igwenagu\IgweEm00,2012,2012,3,FB,1
Willie Irvin\IrviWi20,1953,1953,3,DE,0
Al Jackson\JackAl20,1994,1994,11,DB,1
Alonzo Jackson\JackAl23,2005,2005,1,LB,1
Greg Jackson\JackGr21,1994,1995,32,FS,1
Jamaal Jackson\JackJa21,2005,2011,88,C,1
Malik Jackson\JackMa02,2019,2020,16,DT,1
Proverb Jacobs\JacoPr20,1958,1958,12,LT,0
Michael Jacquet\JacqMi00,2020,2020,7,DB,1
Craig James\JameCr01,2019,2020,18,CB,1
Mike Jarmoluk\JarmMi00,1949,1955,81,RDT,0
Jaiquawn Jarrett\JarrJa00,2011,2012,13,S,1
Ed Jasper\JaspEd20,1997,1998,17,DT,1
Greg Jefferson\JeffGr20,1995,1999,57,LDE,1
Cullen Jenkins\JenkCu20,2011,2012,32,RDE,1
Izel Jenkins\JenkIz20,1988,1992,77,DB,1
Malcolm Jenkins\JenkMa99,2014,2019,96,RCB,1
Timmy Jernigan\JernTi00,2017,2019,28,DT,1
Tommy Jeter\JeteTo20,1992,1994,36,DT,1
Dwayne Jiles\JileDw20,1985,1989,52,RLB,1
Alonzo Johnson\JohnAl25,1986,1987,18,RLB,1
Bill Johnson\JohnBi22,1998,1999,19,DT,1
Charlie Johnson\JohnCh03,1977,1981,76,NT,1
Eric Johnson\JohnEr20,1977,1978,30,DB,1
Gene Johnson\JohnGe20,1959,1960,23,DB,1
Keelan Johnson\JohnKe03,2013,2013,2,SS,1
Kevin Johnson\JohnKe28,1995,1996,23,DT,1
Lane Johnson\JohnLa01,2013,2020,99,OT,1
Vaughan Johnson\JohnVa01,1994,1994,4,RILB,1
Brad Jones\JoneBr99,2015,2015,7,LOLB,1
Dhani Jones\JoneDh20,2004,2006,48,RLB,1
Jimmie Jones\JoneJi22,1997,1997,14,LDT,1
Joe Jones\JoneJo21,1974,1975,21,LDE,1
Julian Jones\JoneJu20,2002,2002,2,DB,1
Ray Jones\JoneRa22,1970,1970,12,DB,1
Sean Jones\JoneSe20,2009,2009,15,SS,1
Sidney Jones\JoneSi00,2017,2019,22,CB,1
Akeem Jordan\JordAk99,2007,2012,82,LILB,1
Seth Joyner\JoynSe00,1986,1993,120,LLB,1
Winston Justice\JustWi20,2007,2011,47,T,1
N.D. Kalu\KaluN.20,1997,2005,64,DE,1
Jevon Kearse\KearJe00,2004,2007,45,LDE,1
Jason Kelce\KelcJa00,2011,2020,142,C,1
Bob Kelley\KellBo20,1955,1956,24,C,0
Ike Kelley\KellIk20,1966,1971,67,LB,1
Dennis Kelly\KellDe00,2012,2015,30,OT,1
Joe Kelly\KellJo21,1996,1996,16,RILB,1
Mychal Kendricks\KendMy00,2012,2017,85,ILB,1
Steve Kenney\KennSt20,1980,1985,80,LG,1
Wade Key\KeyxWa20,1970,1979,121,LG,1
Ed Khayat\KhayEd20,1958,1965,67,DT,1
Bucko Kilroy\KilrBu00,1943,1955,134,G,0
Don King\KingDo20,1956,1956,3,DE,0
Kelly Kirchbaum\KircKe20,1987,1987,3,LB,1
Levon Kirkland\KirkLe00,2002,2002,16,LILB,1
John Klingel\KlinJo20,1987,1988,21,DE,1
Jake Knott\KnotJa00,2013,2014,12,LB,1
Bill Koman\KomaBi00,1957,1958,23,RLB,0
Scott Kowalkowski\KowaSc20,1991,1992,32,MLB,1
Rich Kraynak\KrayRi20,1983,1986,52,ROLB,1
Mike Kullman\KullMi20,1987,1987,3,DB,1
Mike Labinjo\LabiMi20,2004,2005,8,MLB,1
Derek Landri\LandDe99,2011,2012,28,DT,1
Buck Lansford\LansBu00,1955,1957,34,LG,0
Bill Lapham\LaphBi20,1960,1960,12,C,1
Joe Lavender\LaveJo00,1973,1975,40,RCB,1
Trevor Laws\LawsTr99,2008,2011,56,DT,1
Gerard Lawson\LawsGe20,2010,2010,1,DB,1
Cre'von LeBlanc\LeBlCr01,2018,2020,21,DB,1
Byron Lee\LeexBy20,1986,1987,6,LB,1
Michael Lewis\LewiMi99,2002,2006,76,SS,1
Ryan Lewis\LewiRy01,2019,2019,2,DB,1
Trevard Lindley\LindTr99,2010,2010,11,DB,1
Vic Lindskog\LindVi20,1944,1951,78,C,0
Bennie Logan\LogaBe00,2013,2016,59,DT,1
Randy Logan\LogaRa20,1973,1983,159,SS,1
Chris Long\LongCh99,2017,2018,32,DE,1
Tom Louderback\LoudTo20,1958,1959,24,MLB,0
Rick Lovato\LovaRi00,2016,2020,67,LS,1
Clarence Love\LoveCl20,1998,1998,6,DB,1
Avonte Maddox\MaddAv00,2018,2020,35,CB,1
John Magee\MageJo20,1948,1955,91,G,0
Drew Mahalic\MahaDr20,1976,1978,36,RLB,1
Jordan Mailata\MailJo00,2020,2020,15,T,1
Mike Mamula\MamuMi20,1995,2000,77,RDE,1
Bap Manzini\ManzBa20,1944,1948,22,C,0
Chris Maragos\MaraCh99,2014,2017,53,FS,1
Duke Maronic\MaroDu20,1944,1950,67,G,0
Curtis Marsh\MarsCu01,2011,2013,24,CB,1
Anthony Marshall\MarsAn20,1998,1998,16,DB,1
Keyonta Marshall\MarsKe20,2005,2005,1,DT,1
Larry Marshall\MarsLa20,1974,1977,44,PR,1
Aaron Martin\MartAa20,1966,1967,28,PR,1
Steve Martin\MartSt21,1998,1999,25,DT,1
Casey Matthews\MattCa00,2011,2014,64,MLB,1
Menil Mavraides\MavrMe20,1954,1957,24,G,0
Byron Maxwell\MaxwBy00,2015,2015,14,CB,1
Jermane Mayberry\MaybJe00,1996,2004,112,RG,1
Joe Mays\MaysJo99,2008,2009,13,MLB,1
Jerry Mazzanti\MazzJe20,1963,1963,5,DE,1
Mike McClellan\McClMi20,1962,1963,24,DB,1
Matt McCoy\McCoMa20,2005,2007,26,LB,1
Jim McCusker\McCuJi20,1959,1962,51,LT,1
Dexter McDougle\McDoDe00,2017,2018,10,CB,1
Jerome McDougle\McDoJe20,2003,2006,33,DE,1
T.Y. McGill\McGiT.00,2018,2020,9,DT,1
Marlin McKeever\McKeMa00,1973,1973,13,MLB,1
Leodis McKelvin\McKeLe99,2016,2016,13,KR,1
Raleigh McKenzie\McKeRa20,1995,1996,32,C,1
Rodney McLeod\McLeRo00,2016,2020,62,S,1
Mark McMillian\McMiMa20,1992,1995,64,LCB,1
Marvin McNutt\McNuMa00,2012,2012,4,WR,1
Tim McTyer\McTyTi20,1997,1998,26,DB,1
Steven Means\MeanSt00,2016,2017,14,DE,1
Ron Medved\MedvRo20,1966,1970,51,DB,1
John Mellekas\MellJo20,1963,1963,11,C,1
John Meyers\MeyeJo21,1964,1967,56,RDT,1
Rich Miano\MianRi20,1991,1994,64,DB,1
Quintin Mikell\MikeQu20,2003,2010,123,DB,1
Keith Millard\MillKe00,1993,1993,14,RDT,1
Jalen Mills\MillJa02,2016,2020,63,CB,1
Mark Mitchell\MitcMa21,1977,1977,14,DB,1
Randall Mitchell\MitcRa20,1987,1987,3,NT,1
Damon Moore\MoorDa20,1999,2001,48,SS,1
Zeke Moreno\MoreZe20,2005,2005,4,MLB,1
Sean Morey\MoreSe00,2001,2003,19,WR,1
Mike Morgan\MorgMi20,1964,1967,50,LLB,1
Guy Morriss\MorrGu20,1973,1983,158,C,1
Al Nelson\NelsAl20,1965,1973,105,LCB,1
Tom Nelson\NelsTo00,2011,2011,4,DB,1
Jim Nettles\NettJi20,1965,1968,54,DB,1
Haloti Ngata\NgatHa20,2018,2018,13,NT,1
Maury Nipp\NippMa20,1952,1956,25,LG,0
John Nocera\NoceJo20,1959,1962,48,LLB,1
Mark Nordquist\NordMa20,1968,1974,96,RG,1
Derrick Oden\OdenDe20,1993,1995,35,LB,1
Bob Oristaglio\OrisBo20,1952,1952,4,DE,0
Joe Ostman\OstmJo00,2020,2020,3,DE,1
John Outlaw\OutlJo20,1973,1978,76,LCB,1
Don Owens\OwenDo20,1958,1960,27,LDT,1
Jarrad Page\PageJa20,2011,2011,6,FS,1
Lonnie Palelei\PaleLo20,1999,1999,16,G,1
Joe Panos\PanoJo20,1994,1997,54,G,1
Artimus Parker\ParkAr20,1974,1976,42,DB,1
Juqua Parker\ThomJu20,2005,2011,105,DE,1
Will Parks\ParkWi01,2020,2020,6,S,1
Marcus Paschal\PascMa99,2007,2007,3,DB,1
Dimitri Patterson\PattDi20,2009,2010,27,DB,1
Mike Patterson\PattMi20,2005,2012,115,LDT,1
Jerry Patton\PattJe20,1974,1974,14,RDT,1
Bob Pellegrini\PellBo20,1956,1961,59,LLB,1
William Perry\PerrWi20,1993,1994,24,RDT,1
Floyd Peters\PeteFl00,1964,1969,70,LDT,1
Jason Peters\PeteJa21,2009,2020,148,LT,1
Will Peterson\PeteWi20,2006,2007,17,RCB,1
Gary Pettigrew\PettGa20,1966,1974,106,RDT,1
Ray Phillips\PhilRa21,1987,1987,3,LB,1
Ray Phillips\PhilRa20,1978,1981,53,LB,1
Bob Picard\PicaBo20,1973,1976,46,WR,1
Mike Pitts\PittMi20,1987,1992,75,DT,1
Geoffrey Pope\PopeGe20,2009,2009,1,DB,1
Ron Porter\PortRo21,1969,1972,50,LLB,1
Art Powell\PoweAr00,1959,1959,12,SE,0
Jordan Poyer\PoyeJo00,2013,2013,3,CB,1
Steve Preece\PreeSt20,1970,1972,22,FS,1
Chris Prosinski\ProsCh00,2014,2014,8,S,1
Elijah Qualls\QualEl00,2017,2017,6,DT,1
LaJuan Ramsey\RamsLa20,2006,2007,15,DT,1
Nate Ramsey\RamsNa20,1963,1972,134,LS,1
Ryan Rau\RauxRy00,2012,2012,4,LB,1
Sam Rayburn\RaybSa20,2003,2006,53,DT,1
Jimmy Raye\RayeJi20,1969,1969,2,DB,1
Montae Reagor\ReagMo20,2007,2007,7,DT,1
Dave Recher\RechDa20,1965,1968,46,C,1
J.R. Reed\ReedJ.20,2004,2008,34,DB,1
Ike Reese\ReesIk99,1998,2004,112,LB,1
Ken Reeves\ReevKe20,1985,1989,69,T,1
Jerry Reichow\ReicJe00,1960,1960,12,E,1
Mike Reid\ReidMi21,1993,1994,12,DB,1
Leonard Renfro\RenfLe20,1993,1994,23,DT,1
Will Renfro\RenfWi20,1961,1961,14,DT,1
Ed Reynolds\ReynEd00,2014,2015,6,FS,1
LaRoy Reynolds\ReynLa00,2018,2018,16,LB,1
Bobby Richards\RichBo20,1962,1965,56,RDE,1
Jess Richardson\RichJe01,1953,1961,97,LDT,1
Hassan Ridgeway\RidgHa00,2019,2020,14,DT,1
Duke Riley\RileDu00,2019,2020,25,OLB,1
Dave Rimington\RimiDa20,1988,1989,22,C,1
Joe Robb\RobbJo00,1959,1960,24,LDE,1
Nickell Robey-Coleman\RobeNi00,2020,2020,15,CB,1
Jerry Robinson\RobiJe02,1979,1984,87,LILB,1
Patrick Robinson\RobiPa99,2017,2017,16,DB,1
Ramzee Robinson\RobiRa99,2009,2009,3,DB,1
Wayne Robinson\RobiWa00,1952,1956,58,RLB,0
Dominique Rodgers-Cromartie\RodgDo99,2011,2012,29,RCB,1
Dan Rogas\RogaDa20,1952,1952,10,RG,0
Brian Rolle\RollBr00,2011,2012,20,LB,1
Bill Romanowski\RomaBi00,1994,1995,32,LLB,1
Dedrick Roper\RopeDe20,2005,2006,14,LB,1
Ken Rose\RoseKe20,1990,1994,61,LB,1
Tim Rossovich\RossTi00,1968,1971,55,MLB,1
Allen Rossum\RossAl99,1998,1999,31,KR,1
Eric Rowe\RoweEr00,2015,2015,16,CB,1
Jon Runyan\RunyJo20,2000,2008,144,RT,1
Anthony Rush\RushAn00,2019,2019,9,NT,1
DeMeco Ryans\RyanDe20,2012,2015,54,MLB,1
Tom Saidock\SaidTo20,1957,1957,11,LDT,0
Asante Samuel\SamuAs20,2008,2011,56,LCB,1
John Sanders\SandJo21,1977,1979,30,FS,1
George Savitsky\SaviGe20,1948,1949,24,T,0
Orlando Scandrick\ScanOr99,2019,2019,3,DB,1
Mike Schad\SchaMi20,1989,1993,55,LG,1
Jim Schrader\SchrJi00,1962,1964,40,C,1
Jody Schulz\SchuJo21,1983,1987,44,LB,1
Jake Scott\ScotJa21,2012,2012,7,RG,1
Tom Scott\ScotTo00,1953,1958,72,LDE,0
Ben Scotti\ScotBe20,1962,1963,23,LCB,1
Vic Sears\SearVi20,1941,1953,131,LT,0
Andrew Sendejo\SendAn00,2019,2019,9,S,1
Isaac Seumalo\SeumIs00,2016,2020,61,OG,1
Kevon Seymour\SeymKe00,2020,2020,2,CB,1
Bob Shann\ShanBo20,1965,1967,10,DB,1
Ed Sharkey\SharEd20,1954,1955,19,LB,0
Lito Sheppard\ShepLi99,2002,2008,93,DB,1
Jason Short\ShorJa20,2004,2006,29,LB,1
Clyde Simmons\SimmCl00,1986,1993,124,RDE,1
Corey Simon\SimoCo00,2000,2004,78,LDT,1
David Sims\SimsDa01,2012,2012,15,S,1
Ernie Sims\SimsEr20,2010,2010,15,RLB,1
Michael Sinclair\SincMi00,2002,2002,4,LDE,1
Alex Singleton\SingAl00,2019,2020,26,LB,1
Jerry Sisemore\SiseJe00,1973,1984,156,RT,1
Jim Skaggs\SkagJi20,1963,1972,100,RG,1
Mark Slater\SlatMa20,1979,1983,73,C,1
Darius Slay\SlayDa00,2020,2020,15,CB,1
Jeremy Slechta\SlecJe20,2002,2002,13,DT,1
Jessie Small\SmalJe20,1989,1991,47,RLB,1
Fred Smalls\SmalFr21,1987,1987,3,LB,1
Ben Smith\SmitBe21,1990,1993,39,LCB,1
C.J. Smith\SmitC.00,2016,2016,10,CB,1
Darrin Smith\SmitDa22,1997,1997,7,RLB,1
Daryle Smith\SmitDa25,1990,1992,33,T,1
Ed Smith\SmitEd00,1999,1999,7,TE,1
J.D. Smith\SmitJ.02,1959,1963,65,RT,1
Marcus Smith\SmitMa03,2014,2016,37,DE,1
Otis Smith\SmitOt20,1991,1994,62,RCB,1
Rashad Smith\SmitRa02,2020,2020,2,LB,1
Steve Smith\SmitSt20,1971,1974,55,T,1
Lum Snyder\SnydLu00,1952,1958,59,RT,0
John Sodaski\SodaJo20,1972,1973,18,RLB,1
Ron Solt\SoltRo00,1988,1991,44,RG,1
Isaac Sopoaga\SopoIs20,2013,2013,8,LDE,1
Akeem Spence\SpenAk00,2019,2019,6,DT,1
Takeo Spikes\SpikTa00,2007,2007,14,RLB,1
Damion Square\SquaDa00,2013,2013,10,DE,1
Matt Stevens\StevMa22,1997,1998,18,DB,1
Walt Stickel\SticWa20,1950,1951,23,T,0
Thomas Strauthers\StraTh20,1983,1986,47,DE,1
Donald Strickland\StriDo20,2005,2005,3,DB,1
Danny Stubbs\StubDa20,1995,1995,16,DE,1
Leo Sugar\SugaLe00,1961,1961,14,LDE,1
Chandon Sullivan\SullCh00,2018,2018,5,CB,1
Tre Sullivan\SullTr01,2018,2018,12,S,1
Mitch Sutton\SuttMi23,1974,1975,18,DE,1
Josh Sweat\SweaJo00,2018,2020,39,DE,1
Ben Tamburello\TambBe20,1987,1990,50,G,1
Darryl Tapp\TappDa20,2010,2012,39,DE,1
George Tarasovic\TaraGe20,1963,1965,31,LDE,1
Bobby Taylor\TaylBo00,1995,2003,119,RCB,1
Davion Taylor\TaylDa01,2020,2020,12,LB,1
Daniel Te'o-Nesheim\Teo-Da99,2010,2010,6,DE,1
Hollis Thomas\ThomHo20,1996,2005,126,LDT,1
Johnny Thomas\ThomJo24,1996,1996,9,DB,1
Tra Thomas\ThomTr00,1998,2008,166,LT,1
William Thomas\ThomWi00,1991,1999,140,RLB,1
Broderick Thompson\ThomBr22,1993,1994,24,RT,1
Cedric Thornton\ThorCe00,2012,2015,61,DE,1
Walter Thurmond\ThurWa99,2015,2015,16,DB,1
Pago Togafau\TogaPa99,2007,2007,7,LB,1
Mel Tom\TomxMe20,1967,1973,88,RDE,1
Greg Townsend\TownGr00,1994,1994,16,DE,1
Greg Tremble\TremGr20,1995,1995,4,DB,1
Jeremiah Trotter\TrotJe00,1998,2009,116,MLB,1
Stephen Tulloch\TullSt20,2016,2016,12,MLB,1
Destiny Vaeao\VaeaDe01,2016,2018,33,DT,1
Halapoulivaati Vaitai\VaitHa00,2016,2019,55,OT,1
Troy Vincent\VincTr00,1996,2003,118,LCB,1
Kimo von Oelhoffen\vonOKi20,2007,2007,8,RDE,1
Darwin Walker\WalkDa21,2001,2006,87,RDT,1
Joe Walker\WalkJo01,2017,2017,12,ILB,1
Al Wallace\WallAl20,1997,1998,16,DE,1
K'Von Wallace\WallKV00,2020,2020,15,S,1
Stan Walters\WaltSt00,1975,1983,127,LT,1
Matt Ware\WareMa20,2004,2005,28,DB,1
Andre Waters\WateAn20,1984,1993,137,SS,1
Danny Watkins\WatkDa00,2011,2012,23,G,1
Jaylen Watkins\WatkJa01,2014,2017,36,CB,1
Tim Watson\WatsTi20,1997,1997,3,DB,1
Nate Wayne\WaynNa20,2003,2004,25,LB,1
Jim Weatherall\WeatJi00,1955,1957,36,DT,0
Chuck Weber\WebeCh21,1959,1961,38,LB,1
John Welbourn\WelbJo20,1999,2003,56,LG,1
Harold Wells\WellHa20,1965,1968,56,RLB,1
Jeff Wenzel\WenzJe20,1987,1987,3,T,1
Troy West\WestTr20,1987,1987,3,DB,1
Mark Wheeler\WheeMa20,1999,1999,13,LDT,1
Reggie White\WhitRe00,1985,1992,121,LDE,1
Tracy White\WhitTr20,2008,2009,26,LB,1
Brandon Whiting\WhitBr21,1998,2003,88,LDE,1
Dave Whitmore\WhitDa22,1995,1995,3,DB,1
Fred Whittingham\WhitFr21,1966,1971,18,MLB,1
Barry Wilburn\WilbBa20,1995,1996,23,DB,1
Ben Williams\WillBe20,1999,1999,3,DT,1
Cary Williams\WillCa99,2013,2014,32,DB,1
Joel Williams\WillJo24,1983,1985,39,ROLB,1
Raequan Williams\WillRa03,2020,2020,6,DT,1
Trevor Williams\WillTr05,2020,2020,2,CB,1
Tyrone Williams\WillTy21,1999,2000,7,DE,1
James Willis\WillJa28,1995,1998,52,MLB,1
Brenard Wilson\WilsBr20,1979,1987,118,DB,1
Jerry Wilson\WilsJe21,1959,1960,16,DE,1
Dennis Wirgowski\WirgDe20,1973,1973,13,RDE,1
Al Wistert\WistAl00,1943,1951,95,RT,0
Will Witherspoon\WithWi20,2009,2009,11,RLB,1
Alex Wojciechowicz\WojcAl20,1946,1950,48,C,0
Earl Wolff\WolfEa00,2013,2014,18,SS,1
Marc Woodard\WoodMa21,1994,1996,48,LB,1
Mike Woulfe\WoulMi20,1962,1962,13,LB,1
Sylvester Wright\WrigSy20,1995,1996,22,DE,1
Al Wukits\WukiAl20,1943,1943,10,C,0
Frank Wydo\WydoFr20,1952,1957,72,RT,0
John Wyhonic\WyhoJo20,1946,1947,23,G,0
Dexter Wynn\WynnDe20,2004,2006,28,DB,1
Will Wynn\WynnWi20,1973,1976,54,RDE,1
Adrian Young\YounAd20,1968,1972,40,LLB,1
Roynell Young\YounRo00,1980,1988,117,LCB,1
Sid Youngelman\YounSi20,1956,1958,29,DT,0
Eric Zomalt\ZomaEr20,1994,1996,30,DB,1
Mike Zordich\ZordMi20,1994,1998,79,SS,1
