PlayerName,AV
Brian Dawkins\DawkBr00,129
Donovan McNabb\McNaDo00,126
Reggie White\WhitRe00,125
Jason Peters\PeteJa21,107
Harold Carmichael\CarmHa00,102
Randall Cunningham\CunnRa00,102
Eric Allen\AlleEr00,101
Ron Jaworski\JawoRo00,101
Fletcher Cox\CoxxFl00,100
Randy Logan\LogaRa20,97
Tra Thomas\ThomTr00,97
Jerry Sisemore\SiseJe00,91
Troy Vincent\VincTr00,90
Jason Kelce\KelcJa00,88
Herm Edwards\EdwaHe20,86
Guy Morriss\MorrGu20,85
Jon Runyan\RunyJo20,85
Wes Hopkins\HopkWe00,83
Trent Cole\ColeTr20,82
Wilbert Montgomery\MontWi00,80
Bill Bergey\BergBi00,77
Stan Walters\WaltSt00,77
Brian Westbrook\WestBr00,77
Roynell Young\YounRo00,76
Frank LeMaster\LeMaFr00,75
Timmy Brown\BrowTi01,74
Clyde Simmons\SimmCl00,74
William Thomas\ThomWi00,74
Jeremiah Trotter\TrotJe00,73
Seth Joyner\JoynSe00,72
Brandon Graham\GrahBr99,68
Pete Retzlaff\RetzPe00,68
John Bunting\BuntJo20,65
Bobby Taylor\TaylBo00,64
Bill Bradley\BradBi00,63
David Alexander\AlexDa22,62
Bob Brown\BrowBo03,62
Lane Johnson\JohnLa01,62
LeSean McCoy\McCoLe01,62
DeSean Jackson\JackDe00,61
Carl Hairston\HairCa20,60
Todd Herremans\HerrTo20,60
Norm Snead\SneaNo00,60
Hugh Douglas\DougHu00,58
Wade Key\KeyxWa20,58
Nate Ramsey\RamsNa20,58
Andre Waters\WateAn20,58
Ron Baker\BakeRo20,57
Charlie Johnson\JohnCh03,57
Jerry Robinson\RobiJe02,57
Ken Clarke\ClarKe24,56
Maxie Baughan\BaugMa00,54
Hollis Thomas\ThomHo20,54
Mike Patterson\PattMi20,53
Jerome Brown\BrowJe00,52
Keith Byars\ByarKe00,52
Mike Quick\QuicMi00,52
Duce Staley\StalDu00,51
Byron Evans\EvanBy20,50
Ben Hawkins\HawkBe00,50
Dennis Harrison\HarrDe02,49
Carson Wentz\WentCa00,49
Zach Ertz\ErtzZa00,48
Malcolm Jenkins\JenkMa99,48
Dave Lloyd\LloyDa00,48
Jermane Mayberry\MaybJe00,48
Reggie Wilkes\WilkRe20,48
Irv Cross\CrosIr00,47
Jim Ringo\RingJi00,47
Jim Skaggs\SkagJi20,47
Sheldon Brown\BrowSh20,46
Al Nelson\NelsAl20,46
Corey Simon\SimoCo00,45
Tommy McDonald\McDoTo00,44
John Outlaw\OutlJo20,44
Mike Zordich\ZordMi20,44
Lito Sheppard\ShepLi99,43
Fred Barnett\BarnFr00,42
Joe Scarpati\ScarJo21,42
Don Burroughs\BurrDo20,41
Brent Celek\CeleBr00,41
Ron Heller\HellRo20,41
Quintin Mikell\MikeQu20,41
Michael Vick\VickMi00,41
Brenard Wilson\WilsBr20,41
Tom Woodeshick\WoodTo01,41
Andy Harmon\HarmAn20,40
Darwin Walker\WalkDa21,40
Antone Davis\DaviAn25,39
Jeremy Maclin\MaclJe00,39
Tom Sullivan\SullTo00,39
David Akers\akersdav01,38
Greg Brown\BrowGr20,38
Asante Samuel\SamuAs20,38
Charlie Smith\SmitCh00,38
Mychal Kendricks\KendMy00,37
Calvin Williams\WillCa00,36
Brandon Brooks\BrooBr00,35
Hank Fraley\FralHa20,35
Don Hultz\HultDo20,35
Jamaal Jackson\JackJa21,35
Sonny Jurgensen\JurgSo00,35
Steve Kenney\KennSt20,35
Ricky Watters\WattRi00,35
Brandon Whiting\WhitBr21,35
Connor Barwin\BarwCo99,34
William Fuller\FullWi00,34
Mike Mamula\MamuMi20,34
Floyd Peters\PeteFl00,34
J.D. Smith\SmitJ.02,34
Lane Howell\HoweLa20,33
Harold Jackson\JackHa00,33
Mike Schad\SchaMi20,33
Shawn Andrews\AndrSh55,32
Sam Baker\BakeSa20,32
Nigel Bradham\BradNi00,32
Dick Hart\HartDi20,32
Evan Mathis\MathEv20,32
Mark Nordquist\NordMa20,32
Juqua Parker\ThomJu20,32
Jason Avant\AvanJa00,31
Carlos Emmons\EmmoCa20,31
Mike Evans\EvanMi20,31
Roman Gabriel\GabrRo00,31
Gary Pettigrew\PettGa20,31
Chuck Bednarik\BednCh00,30
Ed Blaine\BlaiEd20,30
Mike Pitts\PittMi20,30
Herschel Walker\WalkHe00,30
Charle Young\YounCh00,30
Michael Lewis\LewiMi99,29
Rodney McLeod\McLeRo00,29
Todd Pinkston\PinkTo00,29
Mike Reichenbach\ReicMi20,29
Nate Allen\AlleNa99,28
Brodrick Bunkley\BunkBr20,28
Matt Darwin\DarwMa20,28
Mel Tom\TomxMe20,28
Keith Krepfle\KrepKe00,27
Clarence Peaks\PeakCl00,27
Steve Smith\SmitSt20,27
John Welbourn\WelbJo20,27
Nick Foles\FoleNi00,26
Keith Jackson\JackKe00,26
Gary Ballman\BallGa00,25
Jimmy Carr\CarrJi20,25
Anthony Griggs\GrigAn20,25
Bennie Logan\LogaBe00,25
DeMeco Ryans\RyanDe20,25
Manny Sistrunk\SistMa20,25
Anthony Toney\ToneAn00,25
Barrett Brooks\BrooBa20,24
Irving Fryar\FryaIr00,24
Jordan Hicks\HickJo00,24
Mark McMillian\McMiMa20,24
Woody Peoples\PeopWo00,24
John Spagnola\SpagJo00,24
Will Wynn\WynnWi20,24
Correll Buckhalter\BuckCo00,23
Omar Gaither\GaitOm20,23
Chad Lewis\LewiCh00,23
Jim McCusker\McCuJi20,23
John Meyers\MeyeJo21,23
L.J. Smith\SmitL.00,23
Ron Solt\SoltRo00,23
Darren Sproles\SproDa00,23
Bobby Walston\WalsBo00,23
Nelson Agholor\AghoNe00,22
Garry Cobb\CobbGa20,22
Jevon Kearse\KearJe00,22
Jordan Matthews\MattJo00,22
Cedric Thornton\ThorCe00,22
James Thrash\ThraJa00,22
Steve Zabel\ZabeSt20,22
Reggie Brown\BrowRe01,21
Earl Gros\GrosEa00,21
Lester Holmes\HolmLe20,21
Greg Jefferson\JeffGr20,21
Dhani Jones\JoneDh20,21
Akeem Jordan\JordAk99,21
Ed Khayat\KhayEd20,21
Joe Lavender\LaveJo00,21
Mike Morgan\MorgMi20,21
Petey Perot\PeroPe20,21
Tim Rossovich\RossTi00,21
Heath Sherman\SherHe00,21
Mike Caldwell\CaldMi20,20
Vinny Curry\CurrVi00,20
Ray Ellis\ElliRa20,20
King Hill\HillKi00,20
Jalen Mills\MillJa02,20
Joe Panos\PanoJo20,20
Ron Porter\PortRo21,20
John Sanders\SandJo21,20
James Willis\WillJa28,20
Riley Cooper\CoopRi00,19
Mike Golic\GoliMi20,19
Dave Graham\GrahDa20,19
Greg Jackson\JackGr21,19
Alshon Jeffery\JeffAl00,19
N.D. Kalu\KaluN.20,19
Bobby Richards\RichBo20,19
Reggie Singletary\SingRe20,19
Harold Wells\WellHa20,19
Jason Babin\BabiJa20,18
Derek Barnett\BarnDe01,18
Tom Brookshier\BrooTo00,18
Al Chesley\ChesAl20,18
Nick Cole\ColeNi20,18
Steve Everitt\EverSt20,18
Chris Gocong\GocoCh99,18
Winston Justice\JustWi20,18
Leroy Keyes\KeyeLe20,18
Terrell Owens\OwenTe00,18
Stewart Bradley\BradSt99,17
Billy Campfield\CampBi00,17
Ted Dean\DeanTe00,17
Tony Franklin\frankton01,17
Charlie Garner\GarnCh00,17
Michael Haddix\HaddMi00,17
Rhett Hall\HallRh20,17
Mike Hogan\HogaMi00,17
Po James\JamePo00,17
Leonard Mitchell\MitcLe20,17
Damon Moore\MoorDa20,17
Norm Van Brocklin\VanBNo00,17
Joel Williams\WillJo24,17
John Wittenborn\WittJo20,17
Joe Carollo\CaroJo00,16
Bill Dunstan\DunsBi20,16
Riley Gunnels\GunnRi20,16
Terry Hoage\HoagTe20,16
Kenny Jackson\JackKe01,16
Drew Mahalic\MahaDr20,16
Paul McFadden\mcfadpau01,16
Raleigh McKenzie\McKeRa20,16
Ike Reese\ReesIk99,16
Bill Romanowski\RomaBi00,16
Isaac Seumalo\SeumIs00,16
Allen Barbre\BarbAl20,15
Ernie Calloway\CallEr20,15
Marion Campbell\CampMa01,15
Nathan Gerry\GerrNa00,15
Artis Hicks\HickAr20,15
Darren Howard\HowaDa21,15
Max Jean-Gilles\JeanMa20,15
Izel Jenkins\JenkIz20,15
Izzy Lang\LangIz00,15
Mark Simoneau\SimoMa20,15
Chuck Weber\WebeCh21,15
Cris Carter\CartCr00,14
Kurt Coleman\ColeKu99,14
Richard Cooper\CoopRi20,14
Mark Dennard\DennMa20,14
Ty Detmer\DetmTy00,14
Moise Fokou\FokoMo99,14
Ed George\GeorEd20,14
Joselio Hanson\HansJo20,14
Cullen Jenkins\JenkCu20,14
Greg Lewis\LewiGr01,14
Rich Miano\MianRi20,14
Freddie Mitchell\MitcFr00,14
Cyril Pinder\PindCy00,14
Jess Richardson\RichJe01,14
Miles Sanders\SandMi01,14
Ben Smith\SmitBe21,14
Broderick Thompson\ThomBr22,14
Shawn Barber\BarbSh20,13
Norm Bulaich\BulaNo00,13
Stan Campbell\CampSt20,13
Pete Case\CasePe20,13
Kevin Curtis\CurtKe00,13
James Darling\DarlJa20,13
Jon Dorenbos\DoreJo20,13
King Dunlap\DunlKi20,13
Elbert Foules\FoulEl20,13
Barry Gardner\GardBa20,13
Britt Hager\HageBr20,13
Bob Howard\HowaBo20,13
John Nocera\NoceJo20,13
Rodney Peete\PeetRo00,13
Jim Schrader\SchrJi00,13
George Tarasovic\TaraGe20,13
Halapoulivaati Vaitai\VaitHa00,13
Cary Williams\WillCa99,13
Stefen Wisniewski\WisnSt01,13
Keith Adams\AdamKe20,12
Nnamdi Asomugha\AsomNn20,12
Lee Bouggess\BougLe00,12
Nolan Carroll\CarrNo00,12
Jamar Chaney\ChanJa98,12
Joe Conwell\ConwJo20,12
Ronald Darby\DarbRo00,12
Tom Dempsey\DempTo20,12
Bradley Fletcher\FletBr99,12
Ron Goodwin\GoodRo00,12
Gene Gossage\GossGe20,12
Al Harris\HarrAl21,12
Richard Harris\HarrRi21,12
Fred Hill\HillFr00,12
Timmy Jernigan\JernTi00,12
Jim Nettles\NettJi20,12
Hubie Oliver\OlivHu00,12
Ray Poage\PoagRa00,12
Ken Reeves\ReevKe20,12
Jessie Small\SmalJe20,12
Nate Wayne\WaynNa20,12
Billy Ray Barnes\BarnBi00,11
Derrick Burgess\BurgDe99,11
Jake Elliott\ElliJa03,11
Dallas Goedert\GoedDa00,11
Paul Grasmanis\GrasPa20,11
Al Harris\HarrAl20,11
Leroy Harris\HarrLe01,11
Claude Humphrey\HumpCl00,11
Ike Kelley\KellIk20,11
Aaron Martin\MartAa20,11
William Perry\PerrWi20,11
Roger Ruzek\ruzekrog01,11
Ben Scotti\ScotBe20,11
Torrance Small\SmalTo00,11
Terry Tautolo\TautTe20,11
Adrian Young\YounAd20,11
Doug Brzezinski\BrzeDo20,10
Mike Dirks\DirkMi20,10
Rasul Douglas\DougRa00,10
Gerry Feehery\FeehGe20,10
Eric Floyd\FloyEr20,10
Gregg Garrity\GarrGr00,10
Blenda Gay\GayxBl20,10
Kamu Grugier-Hill\GrugKa00,10
Roderick Hood\HoodRo20,10
Lynn Hoyem\HoyeLy20,10
Charles Johnson\JohnCh00,10
Ron Johnson\JohnRo01,10
Chris Jones\JoneCh01,10
Donnie Jones\JoneDo21,10
James Joseph\JoseJa00,10
Howard Keys\KeysHo20,10
Sean Landeta\LandSe20,10
Pete Liske\LiskPe00,10
Avonte Maddox\MaddAv00,10
Casey Matthews\MattCa00,10
Dean Miraldi\MiraDe20,10
Ray Phillips\PhilRa20,10
Max Runager\RunaMa20,10
Kevin Turner\TurnKe00,10
Hank Baskett\BaskHa00,9
Ian Beckles\BeckIa20,9
Randy Beisler\BeisRa20,9
Sam Bradford\BradSa00,9
Sean Considine\ConsSe20,9
Evan Cooper\CoopEv20,9
T.J. Edwards\EdwaTJ02,9
Ray Farmer\FarmRa20,9
Perry Harrington\HarrPe00,9
Alex Henery\HeneAl00,9
Joe Jones\JoneJo21,9
Levon Kirkland\KirkLe00,9
Ryan Mathews\MathRy00,9
Dave Rimington\RimiDa20,9
Mark Sanchez\SancMa00,9
Wendell Smallwood\SmalWe00,9
Ron Smith\SmitRo02,9
Matt Tobin\TobiMa00,9
Bernard Williams\WillBe21,9
Victor Bailey\BailVi00,8
Todd Bell\BellTo00,8
Mike Boryla\BoryMi00,8
Al Clark\ClarAl20,8
Byron Darby\DarbBy20,8
Mike Flores\FlorMi20,8
Louie Giammona\GiamLo00,8
Kurt Gouveia\GouvKu20,8
Tim Hauck\HaucTi20,8
Tom Hutton\HuttTo20,8
Cameron Johnston\JohnCa02,8
Dorsey Levens\LeveDo00,8
Steve Martin\MartSt21,8
Ollie Matson\MatsOl00,8
Mike McGlynn\McGlMi20,8
Jim McMahon\McMaJi00,8
Horst Muhlmann\MuhlHo20,8
Jerry Patton\PattJe20,8
Bob Pellegrini\PellBo20,8
Sam Rayburn\RaybSa20,8
Saverio Rocca\RoccSa20,8
Dominique Rodgers-Cromartie\RodgDo99,8
Adam Schreiber\SchrAd20,8
Alex Singleton\SingAl00,8
Danny Watkins\WatkDa00,8
Gary Anderson\andergar02,7
John Booty\BootJo20,7
Brandon Boykin\BoykBr00,7
Bubby Brister\BrisBu00,7
Lem Burnham\BurnLe21,7
Corey Clement\ClemCo00,7
Jack Concannon\ConcJa00,7
Ronnie Dixon\DixoRo20,7
Tom Ehlers\EhleTo20,7
Jeff Feagles\FeagJe20,7
Dean Halverson\HalvDe20,7
Ralph Heck\HeckRa20,7
Dwayne Jiles\JileDw20,7
Bill Johnson\JohnBi22,7
Dirk Johnson\JohnDi20,7
Dennis Kelly\KellDe00,7
Trevor Laws\LawsTr99,7
Guy McIntyre\McInGu00,7
Ron Medved\MedvRo20,7
Bubba Miller\MillBu20,7
Brian Mitchell\MitcBr00,7
Steve Preece\PreeSt20,7
Takeo Spikes\SpikTa00,7
Mitch Sutton\SuttMi23,7
John Teltschik\TeltJo20,7
Bobbie Williams\WillBo21,7
Don Zimmerman\ZimmDo00,7
Beau Allen\AlleBe00,6
Mark Bavaro\BavaMa00,6
Michael Bennett\BennMi99,6
LeGarrette Blount\BlouLe00,6
Bryce Brown\BrowBr02,6
Charles Dimry\DimrCh20,6
Antonio Dixon\DixoAn99,6
A.J. Feeley\FeelA.00,6
Antonio Freeman\FreeAn00,6
Rich Glover\GlovRi20,6
Najee Goode\GoodNa00,6
Corey Graham\GrahCo99,6
Javon Hargrave\HargJa00,6
Bob Harrison\HarrBo23,6
Alvin Haymond\HaymAl20,6
Vaughn Hebron\HebrVa00,6
Josh Huff\HuffJo00,6
Earnest Jackson\JackEa00,6
Alonzo Johnson\JohnAl25,6
Gene Johnson\JohnGe20,6
Kevin Johnson\JohnKe28,6
Ray Jones\JoneRa22,6
Rick Lovato\LovaRi00,6
Tom Luken\LukeTo21,6
Herb Lusk\LuskHe01,6
James McAlister\McAlJa00,6
Matt McCoy\McCoMa20,6
Leodis McKelvin\McKeLe99,6
Dennis McKnight\McKnDe20,6
DeMarco Murray\MurrDe00,6
John Niland\NilaJo00,6
Kevin Reilly\ReilKe20,6
Will Renfro\RenfWi20,6
Dallas Reynolds\ReynDa01,6
Brian Rolle\RollBr00,6
Jody Schulz\SchuJo21,6
Boston Scott\ScotBo02,6
Ernie Sims\SimsEr20,6
Donte' Stallworth\StalDo00,6
Josh Sweat\SweaJo00,6
Darryl Tapp\TappDa20,6
Junior Tautalatasi\TautJu00,6
Walter Thurmond\ThurWa99,6
Greg Townsend\TownGr00,6
Arunas Vasys\VasyAr20,6
Victor Abiamiri\AbiaVi99,5
Jay Ajayi\AjayJa00,5
Colt Anderson\AndeCo01,5
Harvey Armstrong\ArmsHa20,5
Darnell Autry\AutrDa00,5
Blaine Bishop\BishBl00,5
Fred Brown\BrowFr21,5
Trey Burton\BurtTr01,5
Lee Roy Caffey\CaffLe00,5
Jeff Dellenbach\DellJe20,5
Jason Dunn\DunnJa00,5
Bobby Freeman\FreeBo20,5
Jeff Garcia\GarcJe00,5
Andrew Gardner\GardAn20,5
Ron Hallstrom\HallRo20,5
Jon Harris\HarrJo26,5
Clinton Hart\HartCl20,5
Nate Herbig\HerbNa01,5
Bill Hobbs\HobbBi20,5
Mike Horan\HoraMi20,5
Jerry Huth\HuthJe20,5
Kevin Kolb\KolbKe00,5
Derek Landri\LandDe99,5
Chris Long\LongCh99,5
Bill Lueck\LuecBi20,5
Cecil Martin\MartCe00,5
Byron Maxwell\MaxwBy00,5
Tom McNeill\McNeTo20,5
Dimitri Patterson\PattDi20,5
Joe Pisarcik\PisaJo00,5
Matt Pryor\PryoMa00,5
John Reaves\ReavJo00,5
Duke Riley\RileDu00,5
Joe Robb\RobbJo00,5
Patrick Robinson\RobiPa99,5
Ken Rose\RoseKe20,5
Darius Slay\SlayDa00,5
Freddie Solomon\SoloFr00,5
Thomas Strauthers\StraTh20,5
Caleb Sturgis\SturCa00,5
Greg Ward\WardGr02,5
Will Witherspoon\WithWi20,5
Tony Woodruff\WoodTo00,5
Henry Allison\AlliHe20,4
Glen Amerson\AmerGl20,4
Rick Arrington\ArriRi00,4
Tom Bailey\BailTo00,4
Tony Baker\BakeTo00,4
Na Brown\BrowNa00,4
Don Brumm\BrumDo00,4
Jim Cagle\CaglJi20,4
Gene Ceppetelli\CeppGe20,4
Patrick Chung\ChunPa99,4
Don Chuy\ChuyDo20,4
Chris Clemons\ClemCh23,4
Wayne Colman\ColmWa20,4
Claude Crabb\CrabCl20,4
Jerry Crafts\CrafJe20,4
Bob Creech\CreeBo20,4
Koy Detmer\DetmKo00,4
Mike Ditka\DitkMi00,4
William Frizzell\FrizWi20,4
Jimmie Giles\GileJi00,4
Jeff Graham\GrahJe00,4
Roy Green\GreeRo01,4
Tony Guillory\GuilTo20,4
Wally Henry\HenrWa00,4
Roy Hord\HordRo20,4
Jordan Howard\HowaJo00,4
Herman Hunter\HuntHe00,4
Jalen Hurts\HurtJa00,4
Malik Jackson\JackMa02,4
Maurice Johnson\JohnMa01,4
Sean Jones\JoneSe20,4
Sidney Jones\JoneSi00,4
Vyto Kab\KabxVy00,4
Jim Kelly\KellJi02,4
Rich Kraynak\KrayRi20,4
Bill Lapham\LaphBi20,4
Cre'von LeBlanc\LeBlCr01,4
Joe Lewis\LewiJo20,4
Dick Lucas\LucaDi00,4
Jordan Mailata\MailJo00,4
Ray Mansfield\MansRa20,4
Marlin McKeever\McKeMa00,4
John Mellekas\MellJo20,4
Keith Millard\MillKe00,4
Haloti Ngata\NgatHa20,4
Lonnie Palelei\PaleLo20,4
Artimus Parker\ParkAr20,4
Rodney Parker\ParkRo00,4
Cody Parkey\ParkCo03,4
Stanley Pritchett\PritSt00,4
Jalen Reagor\ReagJa00,4
Hassan Ridgeway\RidgHa00,4
Torrey Smith\SmitTo02,4
John Sodaski\SodaJo20,4
Danny Stubbs\StubDa20,4
Leo Sugar\SugaLe00,4
Michael Timpson\TimpMi00,4
Larry Watkins\WatkLa00,4
Leonard Weaver\WeavLe00,4
Fred Whittingham\WhitFr21,4
John Wilcox\WilcJo20,4
Michael Williams\WillMi01,4
Earl Wolff\WolfEa00,4
Marc Woodard\WoodMa21,4
Luis Zendejas\zendelui01,4
Josh Adams\AdamJo03,3
Chuck Allen\AlleCh00,3
Houston Antwine\AntwHo00,3
John Baker\BakeJo20,3
Kenjon Barner\BarnKe00,3
Demetress Bell\BellDe20,3
James Betterson\BettJa00,3
Harry Boatswain\BoatHa20,3
Chris Boniol\boniochr01,3
Ron Brooks\BrooRo01,3
Luther Broughton\BrouLu00,3
Zach Brown\BrowZa00,3
Ronnie Bull\BullRo00,3
Rob Carpenter\CarpRo00,3
Mike Curcio\CurcMi20,3
Quintin Demps\DempQu99,3
Andre Dillard\DillAn00,3
Robert Drummond\DrumRo00,3
Justin Ena\EnaxJu20,3
Alonzo Ephraim\EphrAl20,3
Marcus Epps\EppsMa00,3
Scott Fitzkee\FitzSc00,3
Travis Fulgham\FulgTr00,3
Dorial Green-Beckham\GreeDo00,3
Burt Grossman\GrosBu20,3
Mark Gunn\GunnMa20,3
Nick Haden\HadeNi20,3
Clay Harbor\HarbCl00,3
Victor Harris\HarrVi99,3
Mack Hollins\HollMa00,3
Melvin Hoover\HoovMe00,3
Tom Jelesky\JeleTo20,3
Damaris Johnson\JohnDa04,3
Jay Johnson\JohnJa25,3
Spike Jones\JoneSp20,3
Pete Lazetich\LazePe20,3
Reno Mahe\MaheRe00,3
John Mallory\MallJo21,3
Art Malone\MaloAr00,3
Rosie Manning\MannRo20,3
Chris Maragos\MaraCh99,3
Jerome McDougle\McDoJe20,3
Nick Mike-Mayer\MikeNi20,3
Eddie Murray\murraedd01,3
Don Oakes\OakeDo00,3
Derrick Oden\OdenDe20,3
Jim Opperman\OppeJi20,3
Ken Payne\PaynKe00,3
Will Peterson\PeteWi20,3
Chris Polk\PolkCh00,3
Bill Quinlan\QuinBi20,3
J.R. Reed\ReedJ.20,3
Leonard Renfro\RenfLe20,3
Nickell Robey-Coleman\RobeNi00,3
Thomas Sanders\SandTh00,3
Matt Schobel\SchoMa00,3
Steve Sciullo\SciuSt20,3
Jake Scott\ScotJa21,3
Mark Seay\SeayMa00,3
Mickey Shuler\ShulMi00,3
Vai Sikahema\SikaVa00,3
Darrin Smith\SmitDa22,3
Isaac Sopoaga\SopoIs20,3
Chance Warmack\WarmCh00,3
Ed West\WestEd00,3
Tracy White\WhitTr20,3
Vernon Winfield\WinfVe20,3
Dean Wink\WinkDe20,3
Dennis Wirgowski\WirgDe20,3
Derrick Witherspoon\WithDe20,3
Mike Woulfe\WoulMi20,3
Dexter Wynn\WynnDe20,3
Vince Young\YounVi00,3
Dick Absher\AbshDi20,2
Emmanuel Acho\AchoEm00,2
Ty Allert\AlleTy20,2
Kiko Alonso\AlonKi00,2
Stacy Andrews\AndrSt21,2
JJ Arcega-Whiteside\ArceJJ00,2
Miles Austin\AustMi00,2
Genard Avery\AverGe00,2
Brandon Bair\BairBr00,2
E.J. Biggers\BiggE.99,2
Bryan Braman\BramBr00,2
Thomas Brown\BrowTh20,2
Dave Cahill\CahiDa20,2
Howard Cassady\CassHo00,2
Mike Chalenski\ChalMi20,2
Mike Clark\ClarMi20,2
Adrien Clarke\ClarAd20,2
Keenan Clayton\ClayKe99,2
Bill Cody\CodyBi20,2
Steve Colavito\ColaSt20,2
Willie Cullars\CullWi20,2
Torrance Daniels\DaniTo20,2
Sonny Davis\DaviSo00,2
Richard Dent\DentRi00,2
Kyle DeVan\DeVaKy00,2
Dameane Douglas\DougDa00,2
Jack Driscoll\DrisJa00,2
Larry Estes\EsteLa20,2
Rudy Ford\FordRu00,2
Cleveland Franklin\FranCl00,2
Carl Gersbach\GersCa20,2
Glenn Glass\GlasGl00,2
Lamar Gordon\GordLa00,2
Otis Grant\GranOt00,2
Cecil Gray\GrayCe20,2
Dave Hampton\HampDa00,2
Jerome Harrison\HarrJe00,2
Bruce Hector\HectBr00,2
George Hegamin\HegaGe20,2
Chas Henry\HenrCh02,2
Ellis Hobbs\HobbEl20,2
Bobby Hoying\HoyiBo00,2
Brandon Hughes\HughBr99,2
Phillip Hunt\HuntPh00,2
Bobby Jackson\JackBo22,2
Ed Jasper\JaspEd20,2
Tommy Jeter\JeteTo20,2
Jimmie Johnson\JohnJi00,2
Norm Johnson\johnsnor01,2
Harry Jones\JoneHa01,2
John Kapele\KapeJo20,2
Steve Kaufusi\KaufSt20,2
Joe Kelly\KellJo21,2
Jeff Kemp\KempJe00,2
John Klingel\KlinJo20,2
Scott Kowalkowski\KowaSc20,2
Kent Kramer\KramKe00,2
Dion Lewis\LewiDi00,2
Dave Little\LittDa20,2
Red Mack\MackRe00,2
Kelvin Martin\MartKe00,2
Jerry Mazzanti\MazzJe20,2
Mat McBriar\McBrMa20,2
Billy McMullen\McMuBi00,2
Ryan Moats\MoatRy00,2
Frank Molden\MoldFr20,2
David Molk\MolkDa00,2
Gerald Nichols\NichGe20,2
Ken O'Brien\OBriKe00,2
Mike Osborn\OsboMi20,2
Richard Osborne\OsboRi00,2
Bill Overmyer\OverBi20,2
Don Owens\OwenDo20,2
Jarrad Page\PageJa20,2
Josh Parry\ParrJo00,2
Doug Pederson\PedeDo00,2
Joshua Perkins\PerkJo02,2
Gerry Philbin\PhilGe00,2
LaJuan Ramsey\RamsLa20,2
Richard Rodgers\RodgRi00,2
Eric Rowe\RoweEr00,2
Theron Sapp\SappTh00,2
Ricky Shaw\ShawRi20,2
Jason Short\ShorJa20,2
Dick Stafford\StafDi20,2
Thomas Tapeh\TapeTh00,2
Carl Taseff\TaseCa20,2
Golden Tate\TateGo00,2
Don Thompson\ThomDo23,2
Scott Tinsley\TinsSc20,2
John Tracey\TracJo00,2
Destiny Vaeao\VaeaDe01,2
Joe Walker\WalkJo01,2
K'Von Wallace\WallKV00,2
Matt Ware\WareMa20,2
Erwin Will\WillEr20,2
Jerry Wilson\WilsJe21,2
Mike Young\YounMi00,2
Seyi Ajirotutu\AjirSe00,1
D.J. Alexander\AlexD.00,1
Josh Andrews\AndrJo01,1
Grayland Arnold\ArnoGr01,1
David Bailey\BailDa20,1
Eric Bailey\BailEr20,1
Bryan Barker\BarkBr20,1
Matt Barkley\BarkMa00,1
Larry Barnes\BarnLa00,1
Doug Bartlett\BartDo20,1
Matt Battaglia\BattMa20,1
De'Vante Bausby\BausDe00,1
Pat Beach\BeacPa00,1
Eric Bieniemy\BienEr00,1
Jason Bostic\BostJa20,1
Kevin Bowman\BowmKe21,1
Carlos Bradley\BradCa20,1
Shaun Bradley\BradSh00,1
Aaron Brown\BrowAa21,1
Reggie Brown\BrowRe20,1
Ronnie Brown\BrowRo05,1
Eldra Buckley\BuckEl00,1
Frank Budd\BuddFr00,1
Jorrick Calvin\CalvJo99,1
Roc Carmichael\CarmRo00,1
Matt Cavanaugh\CavaMa00,1
Quinton Caver\CaveQu20,1
Dick Chapura\ChapDi20,1
Je'Rod Cherry\CherJe20,1
Willie Clark\ClarWi20,1
Marco Coleman\ColeMa00,1
Darion Conner\ConnDa20,1
Rashard Cook\CookRa20,1
Louis Cooper\CoopLo20,1
Russell Copeland\CopeRu00,1
Bill Cowher\CowhBi20,1
Charles Crawford\CrawCh00,1
Scott Curtis\CurtSc20,1
Trey Darilek\DariTr20,1
Marcus Dowtin\DowtMa00,1
Joe Drake\DrakJo20,1
Anthony Edwards\EdwaAn00,1
Dannell Ellerbe\ElleDa99,1
Rick Engles\EnglRi20,1
Jim Flanigan\FlanJi21,1
Chris Fontenot\FontCh00,1
Todd France\franctod01,1
Frank Fuller\FullFr20,1
Clifton Geathers\GeatCl99,1
Roger Gill\GillRo00,1
Brad Goebel\GoebBr00,1
Chuck Gorecki\GoreCh20,1
Nick Graham\GrahNi99,1
Jamaal Green\GreeJa20,1
Elois Grooms\GrooEl20,1
Chad Hall\HallCh00,1
Daeshon Hall\HallDa01,1
Deiondre' Hall\HallDe02,1
Uhuru Hamiter\HamiUh20,1
Tim Harris\HarrTi00,1
Tyreo Harrison\HarrTy20,1
Taylor Hart\HartTa00,1
Jeff Herrod\HerrJe20,1
Treyvon Hester\HestTr00,1
Mark Higgs\HiggMa00,1
John Hightower\HighJo00,1
Austin Howard\HowaAu20,1
Michael Jacquet\JacqMi00,1
Craig James\JameCr01,1
Jaiquawn Jarrett\JarrJa00,1
Dietrich Jells\JellDi00,1
Reggie Johnson\JohnRe00,1
Jimmie Jones\JoneJi22,1
Luke Juriga\JuriLu00,1
Jake Knott\KnotJa00,1
Mike Labinjo\LabiMi20,1
Byron Lee\LeexBy20,1
Trevard Lindley\LindTr99,1
James Lofton\LoftJa00,1
Jeff Maehl\MaehJe00,1
Curtis Marsh\MarsCu01,1
Joe Mays\MaysJo99,1
Darnerien McCants\McCaDa00,1
Eric McCoo\McCoEr00,1
Fred McCrary\McCrFr00,1
Dexter McDougle\McDoDe00,1
T.Y. McGill\McGiT.00,1
Mike McMahon\McMaMi00,1
Steven Means\MeanSt00,1
Mike Michel\MichMi21,1
George Mira\MiraGe00,1
Randall Mitchell\MitcRa20,1
Art Monk\MonkAr00,1
Denis Moore\MoorDe21,1
Calvin Murray\MurrCa20,1
Jim Norton\NortJi21,1
Bill Olds\OldsBi00,1
Iosua Opeta\OpetIo00,1
Will Parks\ParkWi01,1
Ray Phillips\PhilRa21,1
Elijah Qualls\QualEl00,1
Don Ratliff\RatlDo20,1
Montae Reagor\ReagMo20,1
Ed Reynolds\ReynEd00,1
LaRoy Reynolds\ReynLa00,1
Jon Ritchie\RitcJo00,1
Jacque Robinson\RobiJa21,1
Dedrick Roper\RopeDe20,1
Alvin Ross\RossAl20,1
Allen Rossum\RossAl99,1
Tom Roussel\RousTo20,1
Anthony Rush\RushAn00,1
Booker Russell\RussBo00,1
Orlando Scandrick\ScanOr99,1
Ryan Schau\SchaRy20,1
Owen Schmitt\SchmOw00,1
Leon Seals\SealLe20,1
Andrew Sendejo\SendAn00,1
Bob Shann\ShanBo20,1
Mike Siano\SianMi20,1
David Sims\SimsDa01,1
Tom Skladany\SklaTo20,1
Jeremy Slechta\SlecJe20,1
Fred Smalls\SmalFr21,1
Brad Smith\SmitBr01,1
Marcus Smith\SmitMa03,1
Phil Smith\SmitPh20,1
Ralph Smith\SmitRa00,1
Steve Smith\SmitSt02,1
Akeem Spence\SpenAk00,1
Damion Square\SquaDa00,1
Nate Sudfeld\SudfNa00,1
Chandon Sullivan\SullCh00,1
Tre Sullivan\SullTr01,1
Davion Taylor\TaylDa01,1
Daniel Te'o-Nesheim\Teo-Da99,1
Matt Tennant\TennMa20,1
Jeff Thomason\ThomJe00,1
Pago Togafau\TogaPa99,1
Brett Toth\TothBr00,1
Bryce Treggs\TregBr00,1
Paul Turner\TurnPa01,1
Zack Valentine\ValeZa20,1
Julian Vandervelde\VandJu00,1
Kimo von Oelhoffen\vonOKi20,1
Al Wallace\WallAl20,1
John Walton\WaltJo00,1
Jaylen Watkins\WatkJa01,1
Quez Watkins\WatkQu00,1
Jed Weaver\WeavJe00,1
Reggie Wells\WellRe20,1
Mark Wheeler\WheeMa20,1
Raequan Williams\WillRa03,1
Tyrone Williams\WillTy21,1
Sylvester Wright\WrigSy20,1
Glen Young\YounGl20,1
Scott Young\YounSc20,1
Walter Abercrombie\AberWa00,0
Jamar Adams\AdamJa20,0
Kamar Aiken\AikeKa00,0
Kermit Alexander\AlexKe01,0
Ian Allen\AlleIa20,0
Jackie Allen\AlleJa20,0
Kevin Allen\AlleKe21,0
George Amundson\AmunGe00,0
Jim Angelo\AngeJi20,0
Justin Armour\ArmoJu00,0
Steve Atkins\AtkiSt00,0
Jim Auer\AuerJi20,0
Marvin Ayers\AyerMa20,0
Joe Bachie\BachJo01,0
Matt Bahr\bahrxmat01,0
Jason Baker\BakeJa20,0
Keith Baker\BakeKe20,0
Brian Baldinger\BaldBr20,0
Michael Bamiro\BamiMi00,0
Corey Barlow\BarlCo20,0
Antwan Barnes\BarnAn99,0
Ephesians Bartley\BartEp20,0
Mike Bartrum\BartMi00,0
Shawn Beals\BealSh20,0
Will Beatty\BeatWi20,0
Jim Beaver\BeavJi20,0
Joique Bell\BellJo01,0
Mike Bell\BellMi00,0
Mike Bellamy\BellMi21,0
Vic Bellamy\BellVi20,0
B.J. Bello\BellB.00,0
Jesse Bendross\BendJe00,0
Mitch Berger\BergMi20,0
Mike Black\BlacMi21,0
Richard Blackmore\BlacRi20,0
Jeff Blake\BlakJe00,0
Jeff Bleamer\BleaJe20,0
Luther Blue\BlueLu00,0
Ronnie Blye\BlyeRo00,0
Gary Bolden\BoldGa20,0
Lorenzo Booker\BookLo00,0
James Bostic\BostJa00,0
Deral Boykin\BoykDe20,0
Jack Brewer\BrewJa20,0
Clifford Brooks\BrooCl20,0
Terrence Brooks\BrooTe00,0
Tony Brooks\BrooTo21,0
Cedrick Brown\BrowCe21,0
Dave Brown\BrowDa22,0
DeAuntae Brown\BrowDe21,0
Jamon Brown\BrowJa04,0
Willie Brown\BrowWi00,0
Daryon Brutley\BrutDa20,0
Bill Bryant\BryaBi21,0
Mark Burke\BurkMa20,0
Deontay Burnett\BurnDe00,0
Bob Butler\ButlBo20,0
Hakeem Butler\ButlHa00,0
Bill Byrne\ByrnBi20,0
Don Calhoun\CalhDo00,0
Lonny Calicchio\CaliLo20,0
Ronnie Cameron\CameRo00,0
Tommy Campbell\CampTo20,0
Earl Carr\CarrEa20,0
Derek Carrier\CarrDe00,0
Carlos Carson\CarsCa00,0
DeAndre Carter\CartDe02,0
James Casey\CaseJa00,0
Thomas Caterbone\CateTh20,0
Louis Cheek\CheeLo20,0
Wes Chesson\ChesWe00,0
Jeremy Clark\ClarJe01,0
Topper Clemons\ClemTo21,0
Al Coleman\ColeAl20,0
Bruce Collie\CollBr20,0
Larry Conjar\ConjLa00,0
Ray Conlin\ConlRa20,0
Frank Cornish\CornFr21,0
Jose Cortez\cortejos01,0
Blake Countess\CounBl00,0
Jerome Couplin\CoupJe00,0
Smiley Creswell\CresSm20,0
Bill Cronin\CronBi00,0
Jason Croom\CrooJa00,0
Larry Crowe\CrowLa00,0
Darrel Crutchfield\CrutDa20,0
Jim Culbreath\CulbJi00,0
George Cumby\CumbGe20,0
B.J. Cunningham\CunnB.00,0
Dick Cunningham\CunnDi20,0
Johnathan Cyprien\CyprJo00,0
Chase Daniel\DaniCh00,0
Norman Davis\DaviNo21,0
Pernell Davis\DaviPe21,0
Robert Davis\DaviRo00,0
Stan Davis\DaviSt02,0
Vern Davis\DaviVe20,0
Dale Dawson\dawsodal01,0
Steve DeLine\delinste01,0
Dennis DeVaughn\DeVaDe20,0
Alan Dial\DialAl20,0
Benjy Dial\DialBe00,0
David Diaz-Infante\DiazDa20,0
Kori Dickerson\DickKo20,0
Nate Dingle\DingNa20,0
Al Dixon\DixoAl00,0
Floyd Dixon\DixoFl00,0
Zachary Dixon\DixoZa00,0
Herb Dobbins\DobbHe20,0
Dean Dorsey\dorsedea01,0
Merrill Douglas\DougMe00,0
Troy Drake\DrakTr20,0
Bobby Duckworth\DuckBo00,0
Paul Dudley\DudlPa00,0
Jon Dumbauld\DumbJo20,0
Rick Duncan\DuncRi20,0
Ken Dunek\DuneKe20,0
Kyle Eckel\EckeKy00,0
Trent Edwards\EdwaTr01,0
Mohammed Elewonibi\ElewMo20,0
Alex Ellis\ElliAl01,0
Trae Elston\ElstTr01,0
Charles Emanuel\EmanCh20,0
Pete Emelianchik\EmelPe00,0
Donald Evans\EvanDo20,0
Randall Evans\EvanRa00,0
Eric Everett\EverEr20,0
Major Everett\EverMa00,0
Ron Fazio\FaziRo20,0
Jay Fiedler\FiedJa00,0
Brian Finneran\FinnBr00,0
Mickey Fitzgerald\FitzMi20,0
DeShawn Fogle\FoglDe20,0
Steve Folsom\FolsSt00,0
Charlie Ford\FordCh20,0
L.J. Fort\FortL.00,0
Dustin Fox\FoxxDu20,0
Dennis Franks\FranDe20,0
Derrick Frazier\FrazDe20,0
Jim Fritzsche\FritJi20,0
James Fuller\FullJa20,0
Russell Gary\GaryRu20,0
Michael Gasperson\GaspMi00,0
Chris Gerhard\GerhCh20,0
Tom Gerhart\GerhTo20,0
Pat Gibbs\GibbPa20,0
Brandon Gibson\GibsBr00,0
Shelton Gibson\GibsSh00,0
Frank Giddens\GiddFr20,0
Lewis Gilbert\GilbLe20,0
Jim Gilmore\GilmJi20,0
Mardy Gilyard\GilyMa00,0
Tim Golden\GoldTi20,0
John Goode\GoodJo20,0
Dillon Gordon\GordDi01,0
Kevin Graf\GrafKe00,0
Jim Gray\GrayJi20,0
Mel Gray\GrayMe00,0
Donnie Green\GreeDo20,0
Kelly Gregg\GregKe20,0
Ken Gregory\GregKe00,0
Don Griffin\GrifDo21,0
Jeff Griffin\GrifJe20,0
Aaron Grymes\GrymAa00,0
Ralph Guglielmi\GuglRa00,0
Cobi Hamilton\HamiCo00,0
Justin Hamilton\HamiJu00,0
Skip Hamilton\HamiSk20,0
William Hampton\HampWi20,0
Karl Hankton\HankKa00,0
Greg Harding\HardGr20,0
Andre Hardy\HardAn00,0
Marvin Hargrove\HargMa00,0
Rod Harris\HarrRo21,0
Richard Harvey\HarvRi20,0
Tim Hasselbeck\HassTi00,0
Stanley Havili\HaviSt00,0
Josh Hawkins\HawkJo00,0
Tanner Hawkinson\HawkTa00,0
Aaron Hayden\HaydAa00,0
Ed Hayes\HayeEd20,0
Joe Hayes\HayeJo21,0
Jo Heath\HeatJo20,0
Jerome Henderson\HendJe20,0
Zac Henderson\HendZa20,0
Steve Hendrickson\HendSt00,0
Maurice Henry\HenrMa20,0
Gary Henson\HensGa20,0
Brandon Hepburn\HepbBr00,0
Reggie Hodges\HodgRe20,0
Alvin Hooks\HookAl20,0
Tyler Hoover\HoovTy00,0
Marty Horn\HornMa20,0
Clark Hoss\HossCl20,0
Jameson Houston\HousJa00,0
John Huarte\HuarJo00,0
John Hudson\HudsJo20,0
Albert Huggins\HuggAl01,0
Chuck Hughes\HughCh00,0
Calvin Hunt\HuntCa20,0
Tony Hunt\HuntTo01,0
Jason Huntley\HuntJa01,0
Emil Igwenagu\IgweEm00,0
Jack Ikegwuonu\IkegJa99,0
Mark Ingram\IngrMa00,0
Al Jackson\JackAl20,0
Alonzo Jackson\JackAl23,0
Johnny Jackson\JackJo24,0
Randy Jackson\JackRa00,0
T.J. Jackson\JackT.20,0
Dave Jacobs\jacobdav01,0
Angelo James\JameAn20,0
Ernie Janet\JaneEr20,0
Chris Johnson\JohnCh24,0
Dwight Johnson\JohnDw20,0
Eric Johnson\JohnEr20,0
Keelan Johnson\JohnKe03,0
Lee Johnson\johnslee01,0
Marcus Johnson\JohnMa07,0
Ron Johnson\JohnRo21,0
Ronald Johnson\JohnRo05,0
Vaughan Johnson\JohnVa01,0
Don Jonas\JonaDo20,0
Brad Jones\JoneBr99,0
Julian Jones\JoneJu20,0
Tyrone Jones\JoneTy21,0
Andrew Jordan\JordAn00,0
Mike Kafka\KafkMi00,0
Wade Keliikipi\KeliWa00,0
Merritt Kersey\KersMe20,0
Adrian Killins\KillAd00,0
Jon Kimmel\KimmJo20,0
Randy Kinder\KindRa20,0
G.J. Kinne\KinnG.00,0
Kelly Kirchbaum\KircKe20,0
Roy Kirksey\KirkRo20,0
Dan Klecko\KlecDa20,0
Mark Konecny\KoneMa20,0
Matt Kopa\KopaMa00,0
Jordan Kovacs\KovaJo00,0
Jonathan Krause\KrauJo00,0
Mike Kullman\KullMi20,0
Bob Landsee\LandBo20,0
Bill Larson\LarsBi21,0
Al Latimer\LatiAl20,0
Robert Lavette\LaveRo20,0
Kent Lawrence\LawrKe00,0
Reggie Lawrence\LawrRe20,0
Gerard Lawson\LawsGe20,0
Harper LeBel\LexBHa00,0
Amp Lee\LeexAm00,0
Scott Leggett\LeggSc20,0
Ron Leshinski\LeshRo20,0
Ryan Lewis\LewiRy01,0
Sammy Lilly\LillSa20,0
Dave Lince\LincDa20,0
Greg Liter\LiteGr20,0
Matt Long\LongMa20,0
Travis Long\LongTr00,0
Ron Lou\LouxRo20,0
Clarence Love\LoveCl20,0
Daytawion Lowe\LoweDa01,0
Von Mansfield\MansVo20,0
Greg Mark\MarkGr20,0
Anthony Marshall\MarsAn20,0
Byron Marshall\MarsBy01,0
Keyonta Marshall\MarsKe20,0
Larry Marshall\MarsLa20,0
Whit Marshall\MarsWh20,0
Wayne Mass\MassWa20,0
Dean May\MayxDe20,0
Rufus Mayes\MayeRu20,0
Frank Mays\MaysFr00,0
Mike McClellan\McClMi20,0
Mike McCloskey\McClMi00,0
Josh McCown\McCoJo01,0
Bobby McCray\McCrBo20,0
Tom McHale\McHaTo20,0
Erik McMillan\McMiEr00,0
Dan McMillen\McMiDa21,0
Dexter McNabb\McNaDe20,0
Marvin McNutt\McNuMa00,0
Jerrold McRae\McRaJe20,0
Tim McTyer\McTyTi20,0
Nate Menkin\MenkNa00,0
Guido Merkens\MerkGu00,0
Oren Middlebrook\MiddOr20,0
Shareef Miller\MillSh00,0
Garrett Mills\MillGa01,0
Mark Mitchell\MitcMa21,0
Henry Monroe\MonrHe20,0
Tim Mooney\MoonTi20,0
Evan Moore\MoorEv00,0
Zeke Moreno\MoreZe20,0
Sean Morey\MoreSe00,0
Davon Morgan\MorgDa00,0
Dennis Morgan\MorgDe00,0
Dwaine Morris\MorrDw20,0
Bobby Morse\MorsBo00,0
Mark Moseley\moselmar01,0
Adrian Moten\MoteAd00,0
Nick Murphy\MurpNi20,0
Will Murphy\MurpWi00,0
Mike Nease\NeasMi20,0
Dennis Nelson\NelsDe20,0
Tom Nelson\NelsTo00,0
Jordan Norwood\NorwJo00,0
Brian O'Neal\ONeaBr20,0
Greg Oliver\OlivGr00,0
Joe Ostman\OstmJo00,0
Jeff Owens\OwenJe20,0
Dave Pacella\PaceDa20,0
Vince Papale\PapaVi00,0
Marcus Paschal\PascMa99,0
Dan Pastorini\PastDa00,0
Jairo Penaranda\PenaJa20,0
Mike Perrino\PerrMi21,0
Bruce Perry\PerrBr01,0
Bob Picard\PicaBo20,0
Ross Pierschbacher\PierRo00,0
Bruce Plummer\PlumBr20,0
Tom Polley\PollTo20,0
Geoffrey Pope\PopeGe20,0
Jordan Poyer\PoyeJo00,0
Shaun Prater\PratSh00,0
Quron Pratt\PratQu00,0
Chris Prosinski\ProsCh00,0
Garry Puetz\PuetGa20,0
Jim Pyne\PyneJi20,0
Lou Rash\RashLo20,0
Ryan Rau\RauxRy00,0
Jimmy Raye\RayeJi20,0
Jamie Reader\ReadJa00,0
Dave Recher\RechDa20,0
James Reed\ReedJa20,0
Mike Reed\ReedMi00,0
Taft Reed\ReedTa20,0
Marion Reeves\ReevMa20,0
Jerry Reichow\ReicJe00,0
Alan Reid\ReidAl20,0
Mike Reid\ReidMi21,0
Jay Repko\RepkJa20,0
Matt Reynolds\ReynMa00,0
Denzel Rice\RiceDe00,0
Paul Richardson\RichPa20,0
Elijah Riley\RileEl01,0
Ray Rissmiller\RissRa20,0
Ramzee Robinson\RobiRa99,0
John Roper\RopeJo20,0
Mark Royals\RoyaMa20,0
Joe Rudolph\RudoJo20,0
Rusty Russell\RussRu20,0
Pat Ryan\RyanPa00,0
Paul Ryczek\RyczPa20,0
Mark Rypien\RypiMa00,0
Greg Salas\SalaGr00,0
Lawrence Sampleton\SampLa20,0
Michael Samson\SamsMi20,0
James Saxon\SaxoJa00,0
John Sciarra\SciaJo20,0
Gari Scott\ScotGa00,0
Rob Selby\SelbRo20,0
Kevon Seymour\SeymKe00,0
Kaseem Sinceno\SincKa00,0
Michael Sinclair\SincMi00,0
Mark Slater\SlatMa20,0
Henry Slay\SlayHe20,0
Rod Smart\SmarRo00,0
Alex Smith\SmitAl02,0
C.J. Smith\SmitC.00,0
Daryle Smith\SmitDa25,0
Ed Smith\SmitEd00,0
Jack Smith\SmitJa21,0
Otis Smith\SmitOt20,0
Rashad Smith\SmitRa02,0
Troy Smith\SmitTr00,0
Wade Smith\SmitWa21,0
Stephen Spach\SpacSt00,0
Siran Stacy\StacSi20,0
Bill Stetz\StetBi20,0
Dick Stevens\StevDi20,0
Matt Stevens\StevMa22,0
Tony Stewart\StewTo00,0
Donald Strickland\StriDo20,0
Nathan Stupar\StupNa01,0
Jerry Sturm\SturJe00,0
Justin Swift\SwifJu00,0
Jeff Sydner\SyndJe00,0
Ben Tamburello\TambBe20,0
John Tarver\TarvJo00,0
Johnny Thomas\ThomJo24,0
Art Thoms\ThomAr21,0
Jim Thrower\ThroJi20,0
Casey Toohill\ToohCa00,0
Bob Torrey\TorrBo00,0
Greg Tremble\TremGr20,0
Matthew Tucker\TuckMa00,0
Stephen Tulloch\TullSt20,0
Jeff Tupper\TuppJe20,0
Willie Turral\TurrWi20,0
Rick Tuten\TuteRi20,0
Mike Ulmer\UlmeMi20,0
Colton Underwood\UndeCo00,0
Morris Unutoa\UnutMo20,0
Tuufuli Uperesa\UperTu20,0
Steve Vallos\VallSt00,0
Alex Van Dyke\VanDAl00,0
Bruce Van Dyke\VanDBr00,0
Roger Vick\VickRo00,0
Steve Wagner\WagnSt20,0
Frank Wainright\WainFr00,0
Billy Walik\WaliBi00,0
Adam Walker\WalkAd00,0
Corey Walker\WalkCo00,0
Jamar Wall\WallJa99,0
Mike Wallace\WallMi00,0
Pete Walters\WaltPe20,0
Prince Tega Wanogho\WanoTe00,0
Jim Ward\WardJi00,0
Chris Warren\WarrCh00,0
Mike Waters\WateMi20,0
Eddie Watson\WatsEd00,0
Terrell Watson\WatsTe00,0
Tim Watson\WatsTi20,0
Jeff Wenzel\WenzJe20,0
Troy West\WestTr20,0
Jim Whalen\WhalJi00,0
Markus Wheaton\WheaMa00,0
Eddie Whitley\WhitEd01,0
Dave Whitmore\WhitDa22,0
Barry Wilburn\WilbBa20,0
Jeff Wilkins\wilkijef01,0
Ben Williams\WillBe20,0
Charles Williams\WillCh21,0
Henry Williams\WillHe22,0
Jason Williams\WillJa95,0
Trevor Williams\WillTr05,0
Caleb Wilson\WilsCa00,0
Harry Wilson\WilsHa00,0
Gordon Wright\WrigGo20,0
Antwuan Wyatt\WyatAn20,0
Mike Zandofsky\ZandMi20,0
Eric Zomalt\ZomaEr20,0
Ove Johansson\JohaOv20,-1
Happy Feller\FellHa20,-2
